,Rank,TOP500 Rank,Name,Computer,Site,Manufacturer,Country,Year,Segment,Total Cores,Accelerator/Co-Processor Cores,Rmax [TFlop/s],Rpeak [TFlop/s],Power (kW),Power Source,Energy Efficiency [GFlops/Watts],Power Source.1,Power Quality Level,Optimized Run (HPL),Optimized Run (Peak Power),Memory,Architecture,Processor,Processor Technology,Processor Speed (MHz),Operating System,OS Family,Accelerator/Co-Processor,Cores per Socket,Processor Generation,System Model,System Family,Interconnect Family,Interconnect,Continent,Site ID,System ID,Carbon footprint [kgCO2e / PFlops-day]
4,5,71,preAlps,"HPE Cray EX254n, NVIDIA Grace 72C 3.1GHz, NVIDIA GH200 Superchip, Slingshot-11",Swiss National Supercomputing Centre (CSCS),HPE,Switzerland,2024,Research,81600,52800.0,15470.0,22109.28,240.29,Submitted,64.38054,,2.0,,,,MPP,NVIDIA Grace 72C 3.1GHz,NVIDIA Grace CPU,3100,Linux,Linux,NVIDIA GH200 Superchip,72,NVIDIA Grace,HPE Cray EX254n,HPE Cray EX,Gigabit Ethernet,Slingshot-11,Europe,50422,180258,12.0
10,11,114,Dardel GPU,"HPE Cray EX235a, AMD Optimized 3rd Generation EPYC 64C 2GHz, AMD Instinct MI250X, Slingshot-11",KTH - Royal Institute of Technology,HPE,Sweden,2022,Academic,52864,49280.0,8259.0,10207.23,146.2,Submitted,56.491108,,,,,,MPP,AMD Optimized 3rd Generation EPYC 64C 2GHz,AMD Zen-3 (Milan),2000,HPE Cray OS,Linux,AMD Instinct MI250X,64,AMD Zen-3 (Milan),HPE Cray EX235a,HPE Cray EX,Gigabit Ethernet,Slingshot-11,Europe,48188,180126,14.1
13,14,6,Alps,"HPE Cray EX254n, NVIDIA Grace 72C 3.1GHz, NVIDIA GH200 Superchip, Slingshot-11",Swiss National Supercomputing Centre (CSCS),HPE,Switzerland,2024,Research,1305600,844800.0,270000.0,353748.48,5194.0,Submitted,51.983057,,3.0,,,,MPP,NVIDIA Grace 72C 3.1GHz,NVIDIA Grace CPU,3100,Linux,Linux,NVIDIA GH200 Superchip,72,NVIDIA Grace,HPE Cray EX254n,HPE Cray EX,Gigabit Ethernet,Slingshot-11,Europe,50422,180259,14.9
8,9,20,Adastra,"HPE Cray EX235a, AMD Optimized 3rd Generation EPYC 64C 2GHz, AMD Instinct MI250X, Slingshot-11",Grand Equipement National de Calcul Intensif - Centre Informatique National de l'Enseignement Suprieur (GENCI-CINES),HPE,France,2022,Academic,319072,297440.0,46100.0,61607.94,921.48,Optimized,58.021167,Optimized,1.0,45940.0,791.78,,MPP,AMD Optimized 3rd Generation EPYC 64C 2GHz,AMD Zen-3 (Milan),2000,HPE Cray OS,Linux,AMD Instinct MI250X,64,AMD Zen-3 (Milan),HPE Cray EX235a,HPE Cray EX,Gigabit Ethernet,Slingshot-11,Europe,50203,180051,43.1
15,16,17,CEA-HE,"BullSequana XH3000, Grace Hopper Superchip 72C 3GHz, NVIDIA GH200 Superchip, Quad-Rail BXI v2",Commissariat a l'Energie Atomique (CEA),EVIDEN,France,2024,Research,389232,251856.0,57110.0,112560.0,1207.0,Optimized,47.315659,Optimized,2.0,57110.0,1207.0,,Cluster,Grace Hopper Superchip 72C 3GHz,NVIDIA Grace CPU,3000,Linux,Linux,NVIDIA GH200 Superchip,72,NVIDIA Grace,BullSequana XH3000,EVIDEN BullSequana,Infiniband,Quad-Rail BXI v2,Europe,47593,180271,52.9
18,19,252,ATOS THX.A.B,"BullSequana XH2000, Xeon Platinum 8358 32C 2.6GHz, NVIDIA A100 SXM4 64 GB, Quad-rail NVIDIA HDR100 Infiniband",Atos,EVIDEN,France,2022,Vendor,25056,23328.0,3505.0,4982.17,86.06,Optimized,41.410681,Optimized,1.0,3505.0,84.64,,Cluster,Xeon Platinum 8358 32C 2.6GHz,Intel Ice Lake,2600,Linux,Linux,NVIDIA A100 SXM4 64 GB,32,Xeon Platinum 83xx (Ice Lake),BullSequana XH2000,BullSequana,Infiniband,Quad-rail NVIDIA HDR100 Infiniband,Europe,50630,180070,60.4
21,22,453,Champollion,"Apollo 6500, AMD EPYC 7763 64C 2.45GHz, NVIDIA A100 SXM4 80 GB, Mellanox HDR Infiniband",Hewlett Packard Enterprise,HPE,France,2022,Vendor,19840,17280.0,2321.0,2522.272,60.2,Submitted,38.554817,,,,,,Cluster,AMD EPYC 7763 64C 2.45GHz,AMD Zen-3 (Milan),2450,RHEL 8.4,Linux,NVIDIA A100 SXM4 80 GB,64,AMD Zen-3 (Milan),Apollo 6500,HPE Apollo,Infiniband,Mellanox HDR Infiniband,Europe,50928,180073,64.9
82,83,43,Piz Daint,"Cray XC50, Xeon E5-2690v3 12C 2.6GHz, Aries interconnect , NVIDIA Tesla P100",Swiss National Supercomputing Centre (CSCS),HPE,Switzerland,2017,Research,387872,319424.0,21230.0,27154.3,2384.24,Optimized,10.3977,Optimized,3.0,16960.0,1631.13,,MPP,Xeon E5-2690v3 12C 2.6GHz,Intel Haswell,2600,Cray Linux Environment ,Linux,NVIDIA Tesla P100,12,Intel Xeon E5 (Haswell),Cray XC50,Cray XC,Custom Interconnect,Aries interconnect ,Europe,50422,177824,74.4
45,46,391,Spartan2,"Bull Sequana XH2000 , AMD EPYC 7402 24C 2.8GHz, NVIDIA A100, Mellanox HDR Infiniband",Atos,EVIDEN,France,2020,Vendor,23040,20736.0,2566.0,3847.22,105.76,Submitted,24.262481,,1.0,,,,Cluster,AMD EPYC 7402 24C 2.8GHz,AMD Zen-2 (Rome),2800,Linux,Linux,NVIDIA A100,24,AMD Zen-2 (Rome),BullSequana XH2000,BullSequana,Infiniband,Mellanox HDR Infiniband,Europe,50630,179893,103.1
59,60,56,Pégaso,"Supermicro A+ Server 4124GO-NART+, AMD EPYC 7513 32C 2.6GHz, NVIDIA A100, Infiniband HDR",Petróleo Brasileiro S.A,EVIDEN,Brazil,2022,Industry,233856,217728.0,19070.0,41995.7,1033.0,Optimized,18.460794,Optimized,1.0,19070.0,1033.0,,Cluster,AMD EPYC 7513 32C 2.6GHz,AMD Zen-3 (Milan),2600,CentOS,Linux,NVIDIA A100,32,AMD Zen-3 (Milan),Supermicro A+ Server 4124GO-NART+,Supermicro Cluster,Infiniband,Infiniband HDR,South America,49587,180127,116.3
11,12,5,LUMI,"HPE Cray EX235a, AMD Optimized 3rd Generation EPYC 64C 2GHz, AMD Instinct MI250X, Slingshot-11",EuroHPC/CSC,HPE,Finland,2023,Research,2752704,2566080.0,379700.0,531505.15,7106.82,Submitted,53.427553,,2.0,,,,MPP,AMD Optimized 3rd Generation EPYC 64C 2GHz,AMD Zen-3 (Milan),2000,HPE Cray OS,Linux,AMD Instinct MI250X,64,AMD Zen-3 (Milan),HPE Cray EX235a,HPE Cray EX,Gigabit Ethernet,Slingshot-11,Europe,50908,180048,126.5
72,73,225,Gemini,"PowerEdge XE8545, AMD EPYC 74F3 24C 3.2GHz, NVIDIA A100, Infiniband",Petróleo Brasileiro S.A,DELL EMC,Brazil,2023,Industry,42240,38016.0,3861.0,6864.0,287.0,Optimized,13.452962,Optimized,1.0,3861.0,287.0,,Cluster,AMD EPYC 74F3 24C 3.2GHz,AMD Zen-3 (Milan),3200,RHEL 7.8,Linux,NVIDIA A100,24,AMD Zen-3 (Milan),PowerEdge XE8545,Dell PowerEdge Cluster,Infiniband,Infiniband,South America,50967,180174,159.6
123,124,304,Alps,"HPE Cray EX, AMD EPYC 7742 64C 2.25GHz, Slingshot-10",Swiss National Supercomputing Centre (CSCS),HPE,Switzerland,2020,Research,128000,,3088.6,4608.0,637.95,Submitted,4.841445,,3.0,,,,MPP,AMD EPYC 7742 64C 2.25GHz,AMD Zen-2 (Rome),2250,HPE Cray OS,Linux,,64,AMD Zen-2 (Rome),HPE Cray EX,HPE Cray EX,Gigabit Ethernet,Slingshot-10,Europe,50422,179900,159.7
75,76,133,Gaia,"PowerEdge XE8545, AMD EPYC 74F3 24C 3.2GHz, NVIDIA A100, Infiniband",Petróleo Brasileiro S.A,DELL EMC,Brazil,2023,Industry,84480,76032.0,6968.0,13728.0,574.0,Optimized,12.139373,Optimized,1.0,6968.0,574.0,,Cluster,AMD EPYC 74F3 24C 3.2GHz,AMD Zen-3 (Milan),3200,RHEL 7.8,Linux,NVIDIA A100,24,AMD Zen-3 (Milan),PowerEdge XE8545,Dell PowerEdge Cluster,Infiniband,Infiniband,South America,50967,180173,176.8
73,74,60,PANGEA III,"IBM Power System AC922, IBM POWER9 18C 3.45GHz, Dual-rail Mellanox EDR Infiniband, NVIDIA Volta GV100",Total Exploration Production,IBM,France,2019,Industry,291024,270720.0,17860.0,25025.81,1367.0,Submitted,13.065106,,1.0,,,,Cluster,IBM POWER9 18C 3.45GHz,Power,3450,RHEL 7.6,Linux,NVIDIA Volta GV100,18,IBM POWER9,IBM Power System AC922, IBM Power Systems,Infiniband,Dual-rail Mellanox EDR Infiniband,Europe,49546,179689,191.5
0,1,189,JEDI,"BullSequana XH3000, Grace Hopper Superchip 72C 3GHz, NVIDIA GH200 Superchip, Quad-Rail NVIDIA InfiniBand NDR200",EuroHPC/FZJ,ParTec/EVIDEN,Germany,2024,Research,19584,12672.0,4504.0,5131.78,67.31,Optimized,72.732502,Optimized,1.0,3793.0,52.15,,Cluster,Grace Hopper Superchip 72C 3GHz,NVIDIA Grace CPU,3000,RedHat Linux and Modular Operating System,Linux,NVIDIA GH200 Superchip,72,NVIDIA Grace,BullSequana XH3000,EVIDEN BullSequana,Infiniband,Quad-Rail NVIDIA InfiniBand NDR200,Europe,51016,180269,205.3
3,4,329,Henri,"ThinkSystem SR670 V2, Intel Xeon Platinum 8362 32C 2.8GHz, NVIDIA H100 80GB PCIe, Infiniband HDR",Flatiron Institute,Lenovo,United States,2022,Research,8288,7392.0,2882.0,3579.13,44.07,Submitted,65.395961,,,,,,Cluster,Intel Xeon Platinum 8362 32C 2.8GHz,Intel Ice Lake,2800,Linux,Linux,NVIDIA H100,32,Xeon Platinum 83xx (Ice Lake),ThinkSystem SR670 V2,Lenovo ThinkSystem,Infiniband,Infiniband HDR,North America,50943,180087,209.6
14,15,8,MareNostrum 5 ACC,"BullSequana XH3000, Xeon Platinum 8460Y+ 32C 2.3GHz, NVIDIA H100 64GB, Infiniband NDR",EuroHPC/BSC,EVIDEN,Spain,2023,Research,663040,591360.0,175300.0,249435.65,4158.9,Optimized,48.319965,Optimized,2.0,175300.0,3627.9,,Cluster,Xeon Platinum 8460Y+ 32C 2.3GHz,Intel Sapphire Rapids,2300,RedHat 9.1,Linux,NVIDIA H100 64GB,32,Xeon Platinum (Sapphire Rapids),BullSequana XH3000,EVIDEN BullSequana,Infiniband,Infiniband NDR,Europe,50979,180238,217.2
6,7,54,Frontier TDS,"HPE Cray EX235a, AMD Optimized 3rd Generation EPYC 64C 2GHz, AMD Instinct MI250X, Slingshot-11",DOE/SC/Oak Ridge National Laboratory,HPE,United States,2021,Research,120832,112640.0,19200.0,23105.54,308.68,Optimized,62.683643,Optimized,3.0,19200.0,306.3,,MPP,AMD Optimized 3rd Generation EPYC 64C 2GHz,AMD Zen-3 (Milan),2000,HPE Cray OS,Linux,AMD Instinct MI250X,64,AMD Zen-3 (Milan),HPE Cray EX235a,HPE Cray EX,Gigabit Ethernet,Slingshot-11,North America,48553,180053,218.7
84,85,108,Dragão,"Supermicro SYS-4029GP-TVRT, Xeon Gold 6230R 26C 2.1GHz, NVIDIA Tesla V100, Infiniband EDR",Petróleo Brasileiro S.A,EVIDEN,Brazil,2021,Industry,188224,174080.0,8983.0,14006.48,943.12,Submitted,9.524769,,1.0,,,,Cluster,Xeon Gold 6230R 26C 2.1GHz,Intel Cascade lake,2100,CentOS Linux 7,Linux,NVIDIA Tesla V100,26,Xeon Gold 62xx (Cascade Lake),Supermicro SYS-4029GP-TVRT,Supermicro Cluster,Infiniband,Infiniband EDR,South America,49587,179941,225.4
7,8,11,Venado,"HPE Cray EX254n, NVIDIA Grace 72C 3.1GHz, NVIDIA GH200 Superchip, Slingshot-11",DOE/NNSA/LANL,HPE,United States,2024,Research,481440,311520.0,98510.0,130444.75,1661.57,Submitted,59.287301,,1.0,,,,MPP,NVIDIA Grace 72C 3.1GHz,NVIDIA Grace CPU,3100,Linux,Linux,NVIDIA GH200 Superchip,72,NVIDIA Grace,HPE Cray EX254n,HPE Cray EX,Gigabit Ethernet,Slingshot-11,North America,50157,180246,231.2
5,6,299,HoreKa-Teal,"ThinkSystem SD665-N V3, AMD EPYC 9354 32C 3.25GHz, Nvidia H100 94Gb SXM5, Infiniband NDR200",Karlsruher Institut für Technologie (KIT) ,Lenovo,Germany,2023,Academic,13616,12144.0,3123.0,5962.0,49.6,Submitted,62.96371,,1.0,,,,Cluster,AMD EPYC 9354 32C 3.25GHz,AMD Zen-4 (Genoa),3250,RHEL 8.6,Linux,Nvidia H100 SXM5 94Gb,32,AMD Zen-4 (Genoa),ThinkSystem SD665-N V3,Lenovo ThinkSystem,Infiniband,Infiniband NDR200,Europe,50444,180270,237.2
1,2,128,Isambard-AI phase 1,"HPE Cray EX254n, NVIDIA Grace 72C 3.1GHz, NVIDIA GH200 Superchip, Slingshot-11",University of Bristol,HPE,United Kingdom,2024,Academic,34272,22176.0,7417.0,9285.9,117.08,Optimized,68.834951,Optimized,1.0,5672.0,82.4,,MPP,NVIDIA Grace 72C 3.1GHz,NVIDIA Grace CPU,3100,Linux,Linux,NVIDIA GH200 Superchip,72,NVIDIA Grace,HPE Cray EX254n,HPE Cray EX,Gigabit Ethernet,Slingshot-11,Europe,49136,180257,245.8
19,20,255,Pegasus,"NEC LX 102Bk-6, Xeon Platinum 8468 48C 2.1GHz, NVIDIA H100 PCIe 80 GB, Infiniband NDR 200","Center for Computational Sciences, University of Tsukuba",NEC,Japan,2023,Academic,21600,15840.0,3478.0,6507.07,67.87,Optimized,41.122735,Optimized,2.0,2791.0,67.87,,Cluster,Xeon Platinum 8468 48C 2.1GHz,Intel Sapphire Rapids,2100,Ubuntu 20.04,Linux,NVIDIA H100 PCIe 80GB,48,Xeon Platinum (Sapphire Rapids),NEC LX 102Bk-6,NEC Cluster,Infiniband,Infiniband NDR200,Asia,47529,180170,247.7
20,21,483,MN-3,"MN-Core Server, Xeon Platinum 8260M 24C 2.4GHz, Preferred Networks MN-Core, MN-Core DirectConnect",Preferred Networks,Preferred Networks,Japan,2020,Industry,1664,128.0,2179.6,3347.58,53.29,Submitted,40.900732,,3.0,,,,Cluster,Xeon Platinum 8260M 24C 2.4GHz,Intel Cascade lake,2400,Ubuntu,Linux,Preferred Networks MN-Core,24,Xeon Platinum 82xx (Cascade Lake),MN-Core Server,Preferred Networks Cluster,Custom Interconnect,MN-Core DirectConnect,Asia,50832,179806,249.0
12,13,1,Frontier,"HPE Cray EX235a, AMD Optimized 3rd Generation EPYC 64C 2GHz, AMD Instinct MI250X, Slingshot-11",DOE/SC/Oak Ridge National Laboratory,HPE,United States,2021,Research,8699904,8138240.0,1206000.0,1714814.98,22786.0,Submitted,52.927236,,2.0,,,,MPP,AMD Optimized 3rd Generation EPYC 64C 2GHz,AMD Zen-3 (Milan),2000,HPE Cray OS,Linux,AMD Instinct MI250X,64,AMD Zen-3 (Milan),HPE Cray EX235a,HPE Cray EX,Gigabit Ethernet,Slingshot-11,North America,48553,180047,259.0
87,88,276,Fênix,"Bull 4029GP-TVRT, Xeon Gold 5122 4C 3.6GHz, NVIDIA Tesla V100, Infiniband EDR",Petróleo Brasileiro S.A,EVIDEN,Brazil,2019,Industry,60480,57600.0,3161.0,5371.776,389.76,Submitted,8.110119,,,,,,Cluster,Xeon Gold 5122 4C 3.6GHz,Intel Skylake,3600,CentOS,Linux,NVIDIA Tesla V100,4,Xeon Gold (Skylake),Bull 4029GP-TVRT,Bull Cluster,Infiniband,Infiniband EDR,South America,49587,179681,264.7
88,89,192,Atlas,"Bull 4029GP-TVRT, Xeon Gold 6240 18C 2.6GHz, NVIDIA Tesla V100, Infiniband EDR",Petróleo Brasileiro S.A,EVIDEN,Brazil,2020,Industry,91936,87040.0,4376.0,8848.486,546.58,Submitted,8.006147,,,,,,Cluster,Xeon Gold 6240 18C 2.6GHz,Intel Cascade lake,2600,CentOS,Linux,NVIDIA Tesla V100,18,Xeon Gold 62xx (Cascade Lake),Bull 4029GP-TVRT,Bull Cluster,Infiniband,Infiniband EDR,South America,49587,179854,268.1
24,25,31,TSUBAME4.0,"HPE Cray XD665, AMD EPYC 9654 96C 2.4GHz, NVIDIA H100 SXM5 94 GB, Infiniband NDR200","GSIC Center, Tokyo Institute of Technology",HPE,Japan,2024,Academic,172800,126720.0,25460.0,59401.18,732.06,Optimized,34.77857,Optimized,3.0,25460.0,732.06,,Cluster,AMD EPYC 9654 96C 2.4GHz,AMD Zen-4 (Genoa),2400,Redhat Linux,Linux,Nvidia H100 SXM5 94Gb,96,AMD Zen-4 (Genoa),HPE Cray XD665,HPE Cray XD,Infiniband,Infiniband NDR200,Asia,47912,180268,292.9
17,18,412,Greene-H100,"ThinkSystem SD665-N V3, AMD EPYC 9454 48C 2.75GHz, NVIDIA H100 80GB, Infiniband HDR",New York University,Lenovo,United States,2024,Academic,9360,7920.0,2436.0,3127.68,51.69,Optimized,46.121107,Optimized,1.0,2384.0,51.69,,Cluster,AMD EPYC 9454 48C 2.75GHz,AMD Zen-4 (Genoa),2750,Linux,Linux,NVIDIA H100 80GB,48,AMD Zen-4 (Genoa),ThinkSystem SD665-N V3,Lenovo ThinkSystem,Infiniband,Infiniband HDR,North America,51022,180254,297.2
58,59,157,Narval (GPU),"PowerEdge XE8545, AMD EPYC 7413 24C 2.65GHz, NVIDIA A100, InfiniBand HDR100",Calcul Québec/Compute Canada,DELL EMC,Canada,2021,Academic,76320,68688.0,5886.0,12165.35,311.14,Optimized,18.917529,Optimized,2.0,5886.0,311.14,,Cluster,AMD EPYC 7413 24C 2.65GHz,AMD Zen-3 (Milan),2650,Rocky Linux 8.4,Linux,NVIDIA A100,24,AMD Zen-3 (Milan),PowerEdge XE8545,Dell PowerEdge Cluster,Infiniband,InfiniBand HDR100,North America,50800,180032,311.7
16,17,104,Goethe-NHR,"Supermicro AS-4124GS-TNR, AMD EPYC 7452 32C 2.35GHz, AMD Instinct MI210 64 GB, Mellanox InfiniBand EDR",Universitaet Frankfurt,MEGWARE / Supermicro,Germany,2023,Academic,96768,89856.0,9087.0,19344.19,195.24,Optimized,46.542717,Optimized,2.0,9087.0,195.24,,Cluster,AMD EPYC 7452 32C 2.35GHz,AMD Zen-2 (Rome),2350,Linux,Linux,AMD Instinct MI210 64 GB,32,AMD Zen-2 (Rome),Supermicro AS-4124GS-TNR,Supermicro SuperServer,Infiniband,Mellanox InfiniBand EDR,Europe,49083,180175,320.8
26,27,470,SSC-21 Scalable Module,"Apollo 6500 Gen10 plus, AMD  EPYC 7543 32C 2.8GHz, NVIDIA A100 80GB​, Infiniband HDR200",Samsung Electronics,HPE,South Korea,2021,Industry,16704,15552.0,2274.1,2597.82,103.01,Optimized,33.982726,Optimized,2.0,1849.0001,54.41,,Cluster,AMD  EPYC 7543 32C 2.8GHz,AMD Zen-3 (Milan),2800,RHEL 8.3,Linux,NVIDIA Tesla A100 80G,32,AMD Zen-3 (Milan),Apollo 6500 Gen10 plus,HPE Apollo,Infiniband,Infiniband HDR200,Asia,50903,180042,326.0
9,10,28,Setonix – GPU,"HPE Cray EX235a, AMD Optimized 3rd Generation EPYC 64C 2GHz, AMD Instinct MI250X, Slingshot-11","Pawsey Supercomputing Centre, Kensington, Western Australia",HPE,Australia,2022,Research,181248,168960.0,27160.0,34996.22,476.63,Submitted,56.983404,,,,,,MPP,AMD Optimized 3rd Generation EPYC 64C 2GHz,AMD Zen-3 (Milan),2000,HPE Cray OS,Linux,AMD Instinct MI250X,64,AMD Zen-3 (Milan),HPE Cray EX235a,HPE Cray EX,Gigabit Ethernet,Slingshot-11,Oceania,50488,180123,339.5
2,3,55,Helios GPU,"HPE Cray EX254n, NVIDIA Grace 72C 3.1GHz, NVIDIA GH200 Superchip, Slingshot-11",Cyfronet,HPE,Poland,2023,Academic,89760,58080.0,19140.0,30443.56,316.88,Optimized,66.947878,Optimized,2.0,16030.0,239.44,,MPP,NVIDIA Grace 72C 3.1GHz,NVIDIA Grace CPU,3100,Linux,Linux,NVIDIA GH200 Superchip,72,NVIDIA Grace,HPE Cray EX254n,HPE Cray EX,Gigabit Ethernet,Slingshot-11,Europe,47634,180244,346.7
33,34,300,Komondor,"HPE Cray EX, AMD EPYC 7763 64C 2.45GHz, NVIDIA A100 SXM4 40 GB, Slingshot-11",Governmental Information-Technology Development Agency (KIFÜ),HPE,Hungary,2022,Academic,27776,24192.0,3105.0,4508.49,110.24,Submitted,28.16582,,,,,,MPP,AMD EPYC 7763 64C 2.45GHz,AMD Zen-3 (Milan),2450,RHEL,Linux,NVIDIA A100 SXM4 40 GB,64,AMD Zen-3 (Milan),HPE Cray EX,HPE Cray EX,Gigabit Ethernet,Slingshot-11,Europe,50927,180079,353.2
23,24,19,ISEG,"Gigabyte G593-SD0, Xeon Platinum 8468 48C 2.1GHz, NVIDIA H100 SXM5 80 GB, Infiniband NDR400",Nebius,Nebius AI,Netherlands,2023,Others,218880,200640.0,46540.0,86792.19,1320.0,Submitted,35.257576,,1.0,,,,Cluster,Xeon Platinum 8468 48C 2.1GHz,Intel Sapphire Rapids,2100,Ubuntu 20.04,Linux,NVIDIA H100 SXM5 80GB,48,Xeon Platinum (Sapphire Rapids),Gigabyte G593-SD0,Nebius AI Cluster,Infiniband,Infiniband NDR400,Europe,50986,180234,402.2
27,28,7,Leonardo,"BullSequana XH2000, Xeon Platinum 8358 32C 2.6GHz, NVIDIA A100 SXM4 64 GB, Quad-rail NVIDIA HDR100 Infiniband",EuroHPC/CINECA,EVIDEN,Italy,2023,Academic,1824768,1714176.0,241200.0,306311.16,7493.74,Submitted,32.186865,,1.0,,,,Cluster,Xeon Platinum 8358 32C 2.6GHz,Intel Ice Lake,2600,Linux,Linux,NVIDIA A100 SXM4 64 GB,32,Xeon Platinum 83xx (Ice Lake),BullSequana XH2000,BullSequana,Infiniband,Quad-rail NVIDIA HDR100 Infiniband,Europe,50944,180128,420.7
48,49,191,Wisteria/BDEC-01 (Aquarius),"PRIMERGY GX2570 M6, Xeon Platinum 8360Y 36C 2.4GHz, NVIDIA A100 SXM4 40 GB, Infiniband HDR","Information Technology Center, The University of Tokyo",Fujitsu,Japan,2021,Academic,42120,38880.0,4425.0,7268.83,183.93,Submitted,24.058066,,2.0,,,,Cluster,Xeon Platinum 8360Y 36C 2.4GHz,Intel Ice Lake,2400,Linux,Linux,NVIDIA A100 SXM4 40 GB,36,Xeon Platinum 83xx (Ice Lake),PRIMERGY GX2570 M6,Fujitsu PRIMERGY,Infiniband,Infiniband HDR,Asia,50096,179963,423.4
25,26,162,Grete,"MEGWARE GPU Server System, AMD EPYC 7513 32C 2.6GHz, NVIDIA A100 SXM4 40 GB, Infiniband HDR",NHR@Göttingen,MEGWARE,Germany,2022,Academic,49600,43200.0,5458.0,7904.92,205.62,Optimized,34.646591,Optimized,2.0,4441.0,128.18,,Cluster,AMD EPYC 7513 32C 2.6GHz,AMD Zen-3 (Milan),2600,Rocky Linux 8.6,Linux,NVIDIA A100 SXM4 80 GB,32,AMD Zen-3 (Milan),MEGWARE GPU Server System,MEGWARE Cluster,Infiniband,Infiniband HDR,Europe,50947,180092,431.0
28,29,475,Tethys,"NVIDIA DGX A100 Liquid Cooled Prototype, AMD EPYC 7742 64C 2.25GHz, NVIDIA A100 80GB​, Infiniband HDR",NVIDIA Corporation,Nvidia,United States,2021,Vendor,19840,17280.0,2255.0,2680.0,71.5,Optimized,31.538462,Optimized,2.0,2255.0,71.5,,Cluster,AMD EPYC 7742 64C 2.25GHz,AMD Zen-2 (Rome),2250,Ubuntu 20.04.1 LTS,Linux,NVIDIA Tesla A100 80G,64,AMD Zen-2 (Rome),NVIDIA DGX A100 Liquid Cooled Prototype,NVIDIA DGX,Infiniband,Infiniband HDR,North America,48448,180034,434.6
22,23,174,Dhabi Supercomputer,"Apollo 6500, AMD EPYC 7763 64C 2.45GHz, NVIDIA A100 SXM4 80 GB, Infiniband HDR",Technology Innovation Institute (TII),HPE,United Arab Emirates,2023,Research,39680,34560.0,5094.0,5841.02,138.94,Submitted,36.663308,,,,,,Cluster,AMD EPYC 7763 64C 2.45GHz,AMD Zen-3 (Milan),2450,RHEL 8.7,Linux,NVIDIA A100 SXM4 80 GB,64,AMD Zen-3 (Milan),Apollo 6500,HPE Apollo,Infiniband,Infiniband HDR,Asia,51001,180293,443.0
32,33,62,HiPerGator AI,"NVIDIA DGX A100, AMD EPYC 7742 64C 2.25GHz, NVIDIA A100, Infiniband HDR",University of Florida,Nvidia,United States,2021,Academic,138880,120960.0,17200.0,21314.72,582.63,Optimized,29.521309,Optimized,2.0,15370.0,,,Cluster,AMD EPYC 7742 64C 2.25GHz,AMD Zen-2 (Rome),2250,Ubuntu 20.04.2 LTS,Linux,NVIDIA A100,64,AMD Zen-2 (Rome),NVIDIA DGX A100,NVIDIA DGX,Infiniband,Infiniband HDR,North America,49751,179940,464.3
56,57,39,ABCI 2.0,"PRIMERGY GX2570 M6, Xeon Platinum 8360Y 36C 2.4GHz, NVIDIA A100 SXM4 40 GB, Infiniband HDR",National Institute of Advanced Industrial Science and Technology (AIST),Fujitsu,Japan,2021,Research,504000,451840.0,22208.72,54340.99,1600.32,Optimized,21.891686,Optimized,2.0,11480.0,524.4,,Cluster,Xeon Gold 6148 20C 2.4GHz,Intel Skylake,2400,Linux,Linux,NVIDIA Tesla V100 SXM2,20,Xeon Gold (Skylake),PRIMERGY GX2570 M6,Fujitsu PRIMERGY,Infiniband,Infiniband EDR,Asia,50762,179954,465.3
34,35,421,Cannon2-A100,"ThinkSystem SD650-N V2, Intel Xeon Platinum 8362 32C 2.8GHz, NVIDIA HGX A100 80GB 500W, Infiniband HDR",Harvard University,Lenovo,United States,2023,Academic,17856,15552.0,2384.0,2806.82,87.32,Optimized,27.301878,Optimized,1.0,2384.0,87.32,,Cluster,Intel Xeon Platinum 8362 32C 2.8GHz,Intel Ice Lake,2800,Linux,Linux,NVIDIA HGX A100 80GB 500W,32,Xeon Platinum 83xx (Ice Lake),ThinkSystem SD650-N V2,Lenovo ThinkSystem,Infiniband,Infiniband HDR,North America,51021,180255,502.1
38,39,89,MeluXina - Accelerator Module,"BullSequana XH2000, AMD EPYC 7452 32C 2.35GHz, NVIDIA A100 40GB, Mellanox HDR InfiniBand/ParTec ParaStation ClusterSuite",LuxProvide,EVIDEN,Luxembourg,2021,Research,99200,86400.0,10520.0,15288.0,390.25,Optimized,26.957079,Optimized,1.0,10520.0,,,Cluster,AMD EPYC 7452 32C 2.35GHz,AMD Zen-2 (Rome),2350,RHEL compatible,Linux,NVIDIA Tesla A100 40G,32,AMD Zen-2 (Rome),BullSequana XH2000,BullSequana,Infiniband,Mellanox HDR InfiniBand/ParTec ParaStation ClusterSuite,Europe,50882,179932,502.6
36,37,186,Derecho GPU partition,"HPE Cray EX 235n, AMD EPYC 7763 64C 2.45GHz, NVIDIA A100 SXM4 40 GB, Slingshot-11",National Center for Atmospheric Research (NCAR),HPE,United States,2023,Research,39680,34560.0,4582.0,5044.54,169.03,Submitted,27.107614,,1.0,,,,MPP,AMD EPYC 7763 64C 2.45GHz,AMD Zen-3 (Milan),2450,HPE Cray OS,Linux,NVIDIA A100 SXM4 40 GB,64,AMD Zen-3 (Milan),HPE Cray EX 235n,HPE Cray EX,Gigabit Ethernet,Slingshot-11,North America,48418,180165,505.7
37,38,29,Discovery 5,"HPE Cray EX235n, AMD  EPYC 7543 32C 2.8GHz, NVIDIA A100 SXM4 40 GB, Slingshot-11",ExxonMobil,HPE,United States,2022,Industry,232000,216000.0,26130.0,30990.8,964.0,Submitted,27.105809,,,,,,MPP,AMD  EPYC 7543 32C 2.8GHz,AMD Zen-3 (Milan),2800,HPE Cray OS,Linux,NVIDIA A100 SXM4 40 GB,32,AMD Zen-3 (Milan),HPE Cray EX 235n,HPE Cray EX,Gigabit Ethernet,Slingshot-11,North America,50949,180131,505.7
39,40,14,Perlmutter,"HPE Cray EX 235n, AMD EPYC 7763 64C 2.45GHz, NVIDIA A100 SXM4 40 GB, Slingshot-11",DOE/SC/LBNL/NERSC,HPE,United States,2021,Research,888832,774144.0,79230.0,112997.79,2945.0,Optimized,26.903226,Optimized,3.0,79230.0,2945.0,,MPP,AMD EPYC 7763 64C 2.45GHz,AMD Zen-3 (Milan),2450,HPE Cray OS,Linux,NVIDIA A100 SXM4 40 GB,64,AMD Zen-3 (Milan),HPE Cray EX 235n,HPE Cray EX,Gigabit Ethernet,Slingshot-11,North America,48429,179972,509.5
121,122,115,Taranis,"Bull Sequana XH2000 , AMD EPYC 7742 64C 2.25GHz, Mellanox InfiniBand HDR100",Meteo France,EVIDEN,France,2020,Research,294912,,8191.03,10321.92,1672.0,Submitted,4.898941,,1.0,,,,Cluster,AMD EPYC 7742 64C 2.25GHz,AMD Zen-2 (Rome),2250,bullx SCS,Linux,,64,AMD Zen-2 (Rome),BullSequana XH2000,BullSequana,Infiniband,InfiniBand HDR100,Europe,48356,179892,510.7
122,123,132,JOLIOT-CURIE ROME,"Bull Sequana XH2000 , AMD Rome 7H12 64C 2.6GHz, Mellanox HDR100",CEA/TGCC-GENCI,EVIDEN,France,2019,Research,197120,,6988.04,12039.3728,1436.0,Submitted,4.866323,,1.0,,,,Cluster,AMD Rome 7H12 64C 2.6GHz,AMD Zen-2 (Rome),2600,bullx SCS,Linux,,64,AMD Zen-2 (Rome),BullSequana XH2000,BullSequana,Infiniband,InfiniBand HDR100,Europe,50414,179700,514.1
40,41,433,NVIDIA DGX SuperPOD,"NVIDIA DGX A100, AMD EPYC 7742 64C 2.25GHz, NVIDIA A100, Mellanox HDR Infiniband",NVIDIA Corporation,Nvidia,United States,2020,Vendor,19840,17280.0,2356.0,2812.8,89.94,Submitted,26.195241,,2.0,,,,Cluster,AMD EPYC 7742 64C 2.25GHz,AMD Zen-2 (Rome),2250,Ubuntu 20.04.1 LTS,Linux,NVIDIA A100,64,AMD Zen-2 (Rome),NVIDIA DGX A100,NVIDIA DGX,Infiniband,Mellanox HDR Infiniband,North America,48448,179910,523.3
41,42,2,Aurora,"HPE Cray EX - Intel Exascale Compute Blade, Xeon CPU Max 9470 52C 2.4GHz, Intel Data Center GPU Max, Slingshot-11",DOE/SC/Argonne National Laboratory,Intel,United States,2023,Research,9264128,8159232.0,1012000.0,1980006.0,38698.36,Submitted,26.150979,,2.0,,,,MPP,Xeon CPU Max 9470 52C 2.4GHz,Intel Sapphire Rapids,2400,SUSE Linux Enterprise Server 15 SP4,Linux,Intel Data Center GPU Max,52,Intel Xeon Max,HPE Cray EX - Intel Exascale Compute Blade,HPE Cray EX - Intel Exascale Compute Blade,Gigabit Ethernet,Slingshot-11,North America,47347,180183,524.2
129,130,36,CEA-HF,"BullSequana XH2000, AMD EPYC 7763 64C 2.45GHz, Atos BXI V2",Commissariat a l'Energie Atomique (CEA),EVIDEN,France,2021,Research,810240,,23237.6,31761.4,4959.47,Optimized,4.685501,Optimized,1.0,23237.6,,,Cluster,AMD EPYC 7763 64C 2.45GHz,AMD Zen-3 (Milan),2450,Linux,Linux,,64,AMD Zen-3 (Milan),BullSequana XH2000,BullSequana,Custom Interconnect,Atos BXI V2,Europe,47593,180031,534.0
130,131,125,Belenos,"Bull Sequana XH2000 , AMD EPYC 7742 64C 2.25GHz, Mellanox HDR100",Meteo France,EVIDEN,France,2020,Research,294912,,7683.36,10469.376,1655.0,Submitted,4.642514,,1.0,,,,Cluster,AMD EPYC 7742 64C 2.25GHz,AMD Zen-2 (Rome),2250,bullx SCS,Linux,,64,AMD Zen-2 (Rome),BullSequana XH2000,BullSequana,Infiniband,InfiniBand HDR100,Europe,48356,179853,538.9
78,79,260,Cedar (GPU),"PowerEdge C6420, Xeon Silver 4216 16C 2.1GHz, NVIDIA Tesla V100, Intel Omni-Path",Simon Fraser University/Compute Canada,ACTION,Canada,2020,Academic,67584,61440.0,3371.0,5834.4,310.0,Submitted,10.874194,,1.0,,,,Cluster,Xeon Silver 4216 16C 2.1GHz,Intel Skylake,2100,CentOS,Linux,NVIDIA Tesla V100,16,Xeon Silver (Skylake),PowerEdge C6420,Dell PowerEdge Cluster,Omnipath,Intel Omni-Path,North America,50722,179859,542.2
30,31,460,Wilkes-3,"PowerEdge XE8545, AMD EPYC 7763 64C 2.45GHz, NVIDIA A100 80GB​, Infiniband HDR200 dual rail",University of Cambridge,DELL EMC,United Kingdom,2021,Academic,26880,20736.0,2287.0,6641.41,74.26,Submitted,30.797199,,1.0,,,,Cluster,AMD EPYC 7763 64C 2.45GHz,AMD Zen-3 (Milan),2450,CentOS,Linux,NVIDIA Tesla A100 80G,64,AMD Zen-3 (Milan),PowerEdge XE8545,Dell PowerEdge Cluster,Infiniband,Infiniband HDR200 dual rail,Europe,49143,180046,549.4
42,43,116,LANTA,"HPE Cray EX235n, AMD EPYC 7713 64C 2GHz, NVIDIA A100 40GB, Slingshot-11",NSTDA Supercomputer Center (ThaiSC),HPE,Thailand,2022,Research,87296,76032.0,8146.0,13773.06,310.46,Optimized,25.906719,Optimized,1.0,8043.0,310.46,,MPP,AMD EPYC 7713 64C 2GHz,AMD Zen-3 (Milan),2000,HPE Cray OS,Linux,NVIDIA Tesla A100 40G,64,AMD Zen-3 (Milan),HPE Cray EX 235n,HPE Cray EX,Gigabit Ethernet,Slingshot-11,Asia,50937,180125,563.7
139,140,207,JOLIOT-CURIE SKL,"Bull Sequana X1000, Xeon Platinum 8168 24C 2.7GHz, Mellanox EDR",CEA/TGCC-GENCI,EVIDEN,France,2017,Research,79488,,4065.55,6635.52,917.0,Submitted,4.433533,,,,,,Cluster,Xeon Platinum 8168 24C 2.7GHz,Intel Skylake,2700,bullx SCS,Linux,,24,Xeon Platinum (Skylake),BullSequana X1000,BullSequana,Infiniband,Mellanox InfiniBand EDR,Europe,50414,179411,564.3
51,52,15,Selene,"NVIDIA DGX A100, AMD EPYC 7742 64C 2.25GHz, NVIDIA A100, Mellanox HDR Infiniband",NVIDIA Corporation,Nvidia,United States,2020,Vendor,555520,483840.0,63460.0,79215.0,2646.0,Submitted,23.983371,,2.0,,,,Cluster,AMD EPYC 7742 64C 2.25GHz,AMD Zen-2 (Rome),2250,Ubuntu 20.04.1 LTS,Linux,NVIDIA A100,64,AMD Zen-2 (Rome),NVIDIA DGX A100,NVIDIA DGX,Infiniband,Mellanox HDR Infiniband,North America,48448,179842,571.6
43,44,21,JUWELS Booster Module,"Bull Sequana XH2000 , AMD EPYC 7402 24C 2.8GHz, NVIDIA A100, Mellanox HDR InfiniBand/ParTec ParaStation ClusterSuite",Forschungszentrum Juelich (FZJ),EVIDEN,Germany,2020,Research,449280,404352.0,44120.0,70980.0,1764.22,Submitted,25.008219,,1.0,,,,Cluster,AMD EPYC 7402 24C 2.8GHz,AMD Zen-2 (Rome),2800,CentOS,Linux,NVIDIA A100,24,AMD Zen-2 (Rome),BullSequana XH2000,BullSequana,Infiniband,Mellanox HDR InfiniBand/ParTec ParaStation ClusterSuite,Europe,47871,179894,597.1
44,45,102,JURECA Data Centric Module,"BullSequana XH2000, AMD EPYC 7742 64C 2.25GHz, NVIDIA A100 40GB, Mellanox HDR InfiniBand/ParTec ParaStation ClusterSuite",Forschungszentrum Juelich (FZJ),EVIDEN,Germany,2021,Research,105840,81648.0,9330.0,14508.0,384.1,Optimized,24.290549,Optimized,1.0,9330.0,,,Cluster,AMD EPYC 7742 64C 2.25GHz,AMD Zen-2 (Rome),2250,CentOS,Linux,NVIDIA Tesla A100 40G,64,AMD Zen-2 (Rome),BullSequana XH2000,BullSequana,Infiniband,Mellanox HDR InfiniBand/ParTec ParaStation ClusterSuite,Europe,47871,179947,614.8
46,47,229,CLAIX-2023 (GPU segment),"NEC HPC12G4Rk-3 DLC, Xeon Platinum 8468 48C 2.1GHz, NVIDIA H100, Infiniband NDR",Universitaet Aachen/RWTH - IT Center,NEC,Germany,2024,Academic,16560,12144.0,3771.0,12311.1,155.76,Submitted,24.210324,,2.0,,,,Cluster,Xeon Platinum 8468 48C 2.1GHz,Intel Sapphire Rapids,2100,Rocky Linux 8,Linux,NVIDIA H100,48,Xeon Platinum (Sapphire Rapids),NEC HPC12G4Rk-3 DLC,NEC Cluster,Infiniband,Infiniband NDR,Europe,50675,180295,616.8
47,48,63,SuperMUC-NG Phase 2,"ThinkSystem SD650-I V3, Xeon Platinum 8480L 56C 2GHz, Intel Data Center GPU Max, Infiniband HDR",Leibniz Rechenzentrum,Lenovo,Germany,2023,Academic,149760,122880.0,17190.5,27957.42,725.9,Optimized,24.189145,Optimized,3.0,17190.5,710.67,,Cluster,Xeon Platinum 8480L 56C 2GHz,Intel Sapphire Rapids,2000,SLES15 SP4,Linux,Intel Data Center GPU Max,56,Xeon Platinum (Sapphire Rapids),ThinkSystem SD650-I V3,Lenovo ThinkSystem,Infiniband,Infiniband HDR,Europe,48248,180182,617.3
85,86,467,Béluga,"Dell EMC PowerEdge R640, Xeon Gold 6148 20C 2.4GHz, NVIDIA Tesla V100, Infiniband EDR",Calcul Québec/Compute Canada,DELL EMC,Canada,2019,Academic,72480,55040.0,2278.0,7494.784,240.0,Submitted,9.491667,,2.0,,,,Cluster,Xeon Gold 6148 20C 2.4GHz,Intel Skylake,2400,CentOS,Linux,NVIDIA Tesla V100,20,Xeon Gold (Skylake),PowerEdge R640,Dell PowerEdge Cluster,Infiniband,Infiniband EDR,North America,50800,179605,621.2
49,50,484,Marvin (Scalable GPU Partition),"MEGWARE GPU Server System, AMD EPYC 7713 64C 2GHz, NVIDIA A100 SXM4 80 GB, Infiniband NDR200",University of Bonn,MEGWARE,Germany,2023,Academic,17920,13824.0,2177.0,2627.07,90.74,Submitted,23.991624,,1.0,,,,Cluster,AMD EPYC 7713 64C 2GHz,AMD Zen-3 (Milan),2000,AlmaLinux 9.1,Linux,NVIDIA A100 SXM4 80 GB,64,AMD Zen-3 (Milan),MEGWARE GPU Server System,MEGWARE Cluster,Infiniband,Infiniband NDR200,Europe,50965,180161,622.4
50,51,485,,"MEGWARE GPU Server System, AMD EPYC 7713 64C 2GHz, NVIDIA A100 SXM4 80 GB, Infiniband NDR200",University of Bonn,MEGWARE,Germany,2023,Academic,17920,13824.0,2177.0,2627.07,90.74,Submitted,23.991624,,1.0,,,,Cluster,AMD EPYC 7713 64C 2GHz,AMD Zen-3 (Milan),2000,AlmaLinux 9.1,Linux,NVIDIA A100 SXM4 80 GB,64,AMD Zen-3 (Milan),MEGWARE GPU Server System,MEGWARE Cluster,Infiniband,Infiniband NDR200,Europe,50965,180285,622.4
29,30,500,Phoenix - 2022,"ThinkSystem SR670 V2, Xeon Platinum 8360Y 36C 2.4GHz, NVIDIA A100, Infiniband HDR",University of Adelaide,Lenovo,Australia,2022,Academic,20160,17280.0,2134.0,3341.18,68.71,Optimized,31.05807,Optimized,1.0,2134.0,68.71,,Cluster,Xeon Platinum 8360Y 36C 2.4GHz,Intel Ice Lake,2400,Linux,Linux,NVIDIA A100,36,Xeon Platinum 83xx (Ice Lake),ThinkSystem SR670 V2,Lenovo ThinkSystem,Infiniband,Infiniband HDR,Oceania,50921,180054,622.8
52,53,109,Raven-GPU,"ThinkSystem SD650-N V2, Xeon Platinum 8360Y 36C 2.4GHz, NVIDIA A100, Mellanox HDR Infiniband",Max-Planck-Gesellschaft MPI/IPP,Lenovo,Germany,2021,Research,96768,82944.0,8620.0,16031.54,377.0,Optimized,22.864721,Optimized,1.0,8620.0,377.0,,Cluster,Xeon Platinum 8360Y 36C 2.4GHz,Intel Ice Lake,2400,SUSE Linux Enterprise Server 15 SP2,Linux,NVIDIA A100,36,Xeon Platinum 83xx (Ice Lake),ThinkSystem SD650-N V2,Lenovo ThinkSystem,Infiniband,Mellanox HDR Infiniband,Europe,48331,179933,653.1
67,68,4,Supercomputer Fugaku,"Supercomputer Fugaku, A64FX 48C 2.2GHz, Tofu interconnect D",RIKEN Center for Computational Science,Fujitsu,Japan,2020,Research,7630848,,442010.0,537212.0,29899.23,Optimized,15.417725,Optimized,2.0,404690.0,26248.36,,MPP,A64FX 48C 2.2GHz,Fujitsu ARM,2200,Red Hat Enterprise Linux,Linux,,48,Fujitsu A64FX,Supercomputer Fugaku,Fujitsu Cluster,Proprietary Network,Tofu interconnect D,Asia,50831,179807,660.7
53,54,212,Alex,"MEGWARE NF5488A5, AMD EPYC 7713 64C 2GHz, NVIDIA A100 SXM4 80 GB, Infiniband HDR",Universitaet Erlangen - Regionales Rechenzentrum Erlangen,MEGWARE,Germany,2021,Academic,37696,32832.0,4030.0,6083.65,178.97,Submitted,22.51774,,1.0,,,,Cluster,AMD EPYC 7713 64C 2GHz,AMD Zen-3 (Milan),2000,AlmaLinux 8.5,Linux,NVIDIA A100 SXM4 40 GB,64,AMD Zen-3 (Milan),MEGWARE NF5488A5,MEGWARE Cluster,Infiniband,Infiniband HDR,Europe,49515,180075,663.1
54,55,120,42,"Apollo 6500, AMD EPYC 7313 16C 3GHz, NVIDIA A100 SXM4 80 GB, Infiniband HDR",Hessian.AI,HPE,Germany,2023,Research,64512,62208.0,7938.0,8829.5,352.8,Submitted,22.5,,2.0,,,,Cluster,AMD EPYC 7313 16C 3GHz,AMD Zen-3 (Milan),3000,RHEL 8.7,Linux,NVIDIA A100 SXM4 80 GB,16,AMD Zen-3 (Milan),Apollo 6500,HPE Apollo,Infiniband,Infiniband HDR,Europe,50966,180206,663.7
149,150,82,Tera-1000-2,"Bull Sequana X1000, Intel Xeon Phi 7250 68C 1.4GHz, Bull BXI 1.2",Commissariat a l'Energie Atomique (CEA),EVIDEN,France,2017,Research,561408,,11965.5,23396.352,3178.0,Submitted,3.765104,,2.0,,,,Cluster,Intel Xeon Phi 7250 68C 1.4GHz,Intel Xeon Phi,1400,bullx SCS,Linux,,68,Intel Xeon Phi,BullSequana X1000,BullSequana,Custom Interconnect,Bull BXI 1.2,Europe,47593,179412,664.5
55,56,118,HoreKa-Green,"ThinkSystem SD650 V2, Xeon Platinum 8368 38C 2.4GHz, NVIDIA A100 40GB, Mellanox HDR Infiniband",Karlsruher Institut für Technologie (KIT) ,Lenovo,Germany,2021,Academic,90932,77328.0,8025.6,15006.79,358.79,Optimized,22.368516,Optimized,1.0,8025.6,358.79,,Cluster,Xeon Platinum 8368 38C 2.4GHz,Intel Ice Lake,2400,Linux,Linux,NVIDIA Tesla A100 40G,38,Xeon Platinum 83xx (Ice Lake),ThinkSystem SD650 V2,Lenovo ThinkSystem,Infiniband,Mellanox HDR Infiniband,Europe,50444,179965,667.6
68,69,40,Wisteria/BDEC-01 (Odyssey),"PRIMEHPC FX1000, A64FX 48C 2.2GHz, Tofu interconnect D","Information Technology Center, The University of Tokyo",Fujitsu,Japan,2021,Academic,368640,,22121.0,25952.26,1468.0,Submitted,15.068801,,2.0,,,,Cluster,A64FX 48C 2.2GHz,Fujitsu ARM,2200,Red Hat Enterprise Linux,Linux,,48,Fujitsu A64FX,PRIMEHPC FX1000,Fujitsu PRIMEHPC,Proprietary Network,Tofu interconnect D,Asia,50096,179962,676.0
35,36,135,"Karolina, GPU partition","Apollo 6500, AMD EPYC 7763 64C 2.45GHz, NVIDIA A100 SXM4 40 GB, Infiniband HDR200","IT4Innovations National Supercomputing Center, VSB-Technical University of Ostrava",HPE,Czechia,2021,Academic,71424,62208.0,6752.0,9080.18,310.99,Optimized,27.213478,Optimized,,6138.0,225.55,,Cluster,AMD EPYC 7763 64C 2.45GHz,AMD Zen-3 (Milan),2450,CentOS,Linux,NVIDIA A100 SXM4 40 GB,64,AMD Zen-3 (Milan),Apollo 6500,HPE Apollo,Infiniband,Infiniband HDR200,Europe,50561,180026,685.9
69,70,78,,"PRIMEHPC FX1000, A64FX 48C 2.2GHz, Tofu interconnect D",Japan Meteorological Agency,Fujitsu,Japan,2022,Research,221184,,13367.0,15571.35,904.72,Submitted,14.774737,,2.0,,,,Cluster,A64FX 48C 2.2GHz,Fujitsu ARM,2200,Red Hat Enterprise Linux,Linux,,48,Fujitsu A64FX,PRIMEHPC FX1000,Fujitsu PRIMEHPC,Proprietary Network,Tofu interconnect D,Asia,48169,180169,689.4
70,71,77,,"PRIMEHPC FX1000, A64FX 48C 2.2GHz, Tofu interconnect D",Japan Meteorological Agency,Fujitsu,Japan,2022,Research,221184,,13367.0,15571.35,904.72,Submitted,14.774737,,2.0,,,,Cluster,A64FX 48C 2.2GHz,Fujitsu ARM,2200,Red Hat Enterprise Linux,Linux,,48,Fujitsu A64FX,PRIMEHPC FX1000,Fujitsu PRIMEHPC,Proprietary Network,Tofu interconnect D,Asia,48169,180168,689.4
156,157,194,CRONOS,"BullSequana X, Xeon Platinum 8260 24C 2.4GHz, Infiniband HDR",EDF,EVIDEN,France,2020,Industry,81600,,4299.33,7136.87,1225.53,Submitted,3.508139,,1.0,,,,Cluster,Xeon Platinum 8260 24C 2.4GHz,Intel Cascade lake,2400,Linux,Linux,,24,Xeon Platinum 82xx (Cascade Lake),BullSequana X,BullSequana,Infiniband,Infiniband HDR,Europe,50679,179899,713.2
31,32,177,Athena,"FormatServer THOR ERG21, AMD EPYC 7742 64C 2.25GHz, NVIDIA A100 SXM4 40 GB, Infiniband HDR",Cyfronet,Format,Poland,2021,Academic,47616,41472.0,5051.0,7709.18,146.56,Optimized,29.92631,Optimized,2.0,4386.0,146.56,,Cluster,AMD EPYC 7742 64C 2.25GHz,AMD Zen-2 (Rome),2250,CentOS,Linux,NVIDIA A100 SXM4 40 GB,64,AMD Zen-2 (Rome),FormatServer THOR ERG21,FormatServer,Infiniband,Infiniband HDR,Europe,47634,180055,775.5
57,58,172,"DiRAC, Tursa","BullSequana XH2000, AMD EPYC 7302 32C 3GHz, NVIDIA A100 40GB, Mellanox HDR Infiniband",University of Edinburgh,EVIDEN,United Kingdom,2021,Academic,55552,48384.0,5228.0,8580.0,243.95,Optimized,21.430621,Optimized,1.0,5228.0,,,Cluster,AMD EPYC 7302 32C 3GHz,AMD Zen-2 (Rome),3000,Linux,Linux,NVIDIA Tesla A100 40G,32,AMD Zen-2 (Rome),BullSequana XH2000,BullSequana,Infiniband,Mellanox HDR Infiniband,Europe,49151,180018,789.5
60,61,240,Snellius Phase 1 GPU,"ThinkSystem SD650-N V2, Xeon Platinum 8360Y 36C 2.4GHz, NVIDIA A100 SXM4 40 GB, Infiniband HDR",SURF,Lenovo,Netherlands,2022,Research,12960,7776.0,3603.0,6014.13,205.35,Submitted,17.545654,,1.0,,,,Cluster,Xeon Platinum 8360Y 36C 2.4GHz,Intel Ice Lake,2400,CentOS Linux 8.4,Linux,NVIDIA A100 SXM4 40 GB,36,Xeon Platinum 83xx (Ice Lake),ThinkSystem SD650-N V2,Lenovo ThinkSystem,Infiniband,Infiniband HDR,Europe,50900,180033,808.1
62,63,113,AiMOS,"IBM Power System AC922, IBM POWER9 20C 3.45GHz, NVIDIA Volta GV100, Dual-rail Mellanox EDR Infiniband",Rensselaer Polytechnic Institute Center for Computational Innovations (CCI),IBM,United States,2019,Academic,130000,120000.0,8339.0,11032.032,512.08,Submitted,16.284565,,3.0,,,,Cluster,IBM POWER9 20C 3.45GHz,Power,3450,RHEL 7.6,Linux,NVIDIA Volta GV100,20,IBM POWER9,IBM Power System AC922, IBM Power Systems,Infiniband,Dual-rail Mellanox EDR Infiniband,North America,50823,179781,841.8
66,67,24,HPC5,"PowerEdge C4140, Xeon Gold 6252 24C 2.1GHz, NVIDIA Tesla V100, Mellanox HDR Infiniband",Eni S.p.A.,DELL EMC,Italy,2020,Industry,669760,582400.0,35450.0,51720.76,2252.17,Submitted,15.740375,,1.0,,,,Cluster,Xeon Gold 6252 24C 2.1GHz,Intel Cascade lake,2100,CentOS Linux 7,Linux,NVIDIA Tesla V100,24,Xeon Gold 62xx (Cascade Lake),PowerEdge C4140,Dell PowerEdge Cluster,Infiniband,Mellanox HDR Infiniband,Europe,50489,179856,860.3
61,62,86,,"PRIMEHPC FX1000, A64FX 48C 2.2GHz, Tofu interconnect D",Central Weather Administration,Fujitsu,Taiwan,2023,Government,184320,,11164.0,12976.13,673.56,Submitted,16.574618,,1.0,,,,Cluster,A64FX 48C 2.2GHz,Fujitsu ARM,2200,Red Hat Enterprise Linux,Linux,,48,Fujitsu A64FX,PRIMEHPC FX1000,Fujitsu PRIMEHPC,Proprietary Network,Tofu interconnect D,Asia,50991,180216,921.7
63,64,497,Lise GPU-X,"ThinkSystem SD650-N V2, Xeon Platinum 8360Y 36C 2.4GHz, NVIDIA HGX A100 80GB 500W, Infiniband HDR200",Zuse Institute Berlin,Lenovo,Germany,2023,Research,21168,18144.0,2146.0,3508.24,133.23,Submitted,16.107483,,1.0,,,,Cluster,Xeon Platinum 8360Y 36C 2.4GHz,Intel Ice Lake,2400,Rocky Linux 8.6,Linux,NVIDIA HGX A100 80GB 500W,36,Xeon Platinum 83xx (Ice Lake),ThinkSystem SD650-N V2,Lenovo ThinkSystem,Infiniband,Infiniband HDR200,Europe,50962,180138,927.1
71,72,9,Summit,"IBM Power System AC922, IBM POWER9 22C 3.07GHz, NVIDIA Volta GV100, Dual-rail Mellanox EDR Infiniband",DOE/SC/Oak Ridge National Laboratory,IBM,United States,2018,Research,2414592,2211840.0,148600.0,200794.88,10096.0,Submitted,14.7187,,3.0,,,,Cluster,IBM POWER9 22C 3.07GHz,Power,3070,RHEL 7.4,Linux,NVIDIA Volta GV100,22,IBM POWER9,IBM Power System AC922, IBM Power Systems,Infiniband,Dual-rail Mellanox EDR Infiniband,North America,48553,179397,931.3
65,66,382,AlphaCentauri,"NEC HPC 22S8Ri-4, EPYC 7352 24C 2.3GHz, NVIDIA A100 SXM4 40 GB, Infiniband HDR200","TU Dresden, ZIH",NEC,Germany,2021,Academic,31008,29376.0,2592.0,5364.06,163.65,Submitted,15.83868,,3.0,,,,Cluster,EPYC 7352 24C 2.3GHz,AMD Zen-2 (Rome),2300,CentOS,Linux,NVIDIA A100 SXM4 40 GB,24,AMD Zen-2 (Rome),NEC HPC 22S8Ri-4,NEC Cluster,Infiniband,Infiniband HDR200,Europe,50565,179942,942.8
64,65,160,,"PRIMEHPC FX1000, A64FX 48C 2.2GHz, Tofu interconnect D",Central Weather Administration,Fujitsu,Taiwan,2023,Government,92160,,5600.6,6488.06,350.47,Submitted,15.980255,,1.0,,,,Cluster,A64FX 48C 2.2GHz,Fujitsu ARM,2200,Red Hat Enterprise Linux,Linux,,48,Fujitsu A64FX,PRIMEHPC FX1000,Fujitsu PRIMEHPC,Proprietary Network,Tofu interconnect D,Asia,50991,180215,956.0
102,103,124,Robert,"ThinkSystem SD650-N V2, Xeon Platinum 8380 40C 2.3GHz, Infiniband HDR",Shared Services Canada,Lenovo,Canada,2022,Government,148320,,7764.57,10916.35,1294.72,Submitted,5.997104,,1.0,,,,Cluster,Xeon Platinum 8380 40C 2.3GHz,Intel Ice Lake,2300,Linux,Linux,,40,Xeon Platinum 83xx (Ice Lake),ThinkSystem SD650 V2,Lenovo ThinkSystem,Infiniband,Infiniband HDR,North America,50719,180082,983.2
103,104,123,Underhill,"ThinkSystem SD650 V2, Xeon Platinum 8380 40C 2.3GHz, Infiniband HDR",Shared Services Canada,Lenovo,Canada,2022,Government,148320,,7764.57,10916.35,1294.72,Submitted,5.997104,,1.0,,,,Cluster,Xeon Platinum 8380 40C 2.3GHz,Intel Ice Lake,2300,Linux,Linux,,40,Xeon Platinum 83xx (Ice Lake),ThinkSystem SD650 V2,Lenovo ThinkSystem,Infiniband,Infiniband HDR,North America,50719,180081,983.2
74,75,12,Sierra,"IBM Power System AC922, IBM POWER9 22C 3.1GHz, NVIDIA Volta GV100, Dual-rail Mellanox EDR Infiniband",DOE/NNSA/LLNL,IBM / NVIDIA / Mellanox,United States,2018,Research,1572480,1382400.0,94640.0,125712.0,7438.28,Submitted,12.723372,,2.0,,,,Cluster,IBM POWER9 22C 3.1GHz,Power,3100,Red Hat Enterprise Linux,Linux,NVIDIA Volta GV100,22,IBM POWER9,IBM Power System AC922, IBM Power Systems,Infiniband,Dual-rail Mellanox EDR Infiniband,North America,49763,179398,1077.4
79,80,219,Deucalion,"PRIMEHPC FX700, Fujitsu A64FX 48C 2GHz, InfiniBand HDR100",FCT,Fujitsu,Portugal,2023,Research,78336,,3955.5,5013.5,365.21,Submitted,10.830755,,2.0,,,,Cluster,Fujitsu A64FX 48C 2GHz,Fujitsu ARM,2000,Rocky Linux 8.5,Linux,,48,Fujitsu A64FX,PRIMEHPC FX700,Fujitsu PRIMEHPC,Infiniband,InfiniBand HDR100,Europe,51015,180275,1196.0
81,82,84,Carpenter,"HPE Cray EX, AMD EPYC 9654 96C 2.4GHz, Slingshot-11",ERDC DSRC,HPE,United States,2023,Research,276480,,11616.8,12474.78,1100.0,Submitted,10.560727,,,,,,MPP,AMD EPYC 9654 96C 2.4GHz,AMD Zen-4 (Genoa),2400,HPE Cray OS,Linux,,96,AMD Zen-4 (Genoa),HPE Cray EX,HPE Cray EX,Gigabit Ethernet,Slingshot-11,North America,47771,180280,1298.0
116,117,147,LUMI-C,"HPE Cray EX, AMD EPYC 7763 64C 2.45GHz, Slingshot-10",EuroHPC/CSC,HPE,Finland,2021,Research,194560,,6299.79,7626.75,1215.53,Submitted,5.182752,,2.0,,,,MPP,AMD EPYC 7763 64C 2.45GHz,AMD Zen-3 (Milan),2450,HPE Cray OS,Linux,,64,AMD Zen-3 (Milan),HPE Cray EX,HPE Cray EX,Gigabit Ethernet,Slingshot-10,Europe,50908,180045,1304.2
136,137,457,VSC-5,"MEGWARE SLIDESX, AMD EPYC 7713 64C 2GHz, Infiniband HDR",Vienna Scientific Cluster,MEGWARE,Austria,2022,Academic,95232,,2312.3,3047.424,516.0,Submitted,4.481202,,,,,,Cluster,AMD EPYC 7713 64C 2GHz,AMD Zen-3 (Milan),2000,AlmaLinux 8.5,Linux,,64,AMD Zen-3 (Milan),MEGWARE SLIDESX,MEGWARE Cluster,Infiniband,Infiniband HDR,Europe,50345,180056,1338.1
118,119,167,MAHTI,"Bull Sequana XH2000 , AMD Rome 7H12 64C 2.6GHz, Mellanox HDR100",CSC (Center for Scientific Computing),EVIDEN,Finland,2020,Academic,169728,,5388.52,7060.6848,1070.0,Submitted,5.036,,2.0,,,,Cluster,AMD Rome 7H12 64C 2.6GHz,AMD Zen-2 (Rome),2600,bullx SCS,Linux,,64,AMD Zen-2 (Rome),BullSequana XH2000,BullSequana,Infiniband,InfiniBand HDR100,Europe,47508,179855,1342.2
77,78,106,Taiwania 2,"QCT QuantaGrid D52G-4U/LC, Xeon Gold 6154 18C 3GHz, Mellanox InfiniBand EDR, NVIDIA Tesla V100 SXM2",National Center for High Performance Computing,Quanta Computer / Taiwan Fixed Network / ASUS Cloud,Taiwan,2018,Research,170352,161280.0,9000.0,15208.23,797.54,Submitted,11.2847,,,,,,Cluster,Xeon Gold 6154 18C 3GHz,Intel Skylake,3000,CentOS,Linux,NVIDIA Tesla V100 SXM2,18,Xeon Gold (Skylake),QCT QuantaGrid D52G-4U/LC,QCT QuantaGrid,Infiniband,Mellanox InfiniBand EDR,Asia,48468,179590,1353.7
83,84,81,HPC4,"Proliant DL380 Gen10, Xeon Platinum 8160  24C 2.1GHz, Mellanox InfiniBand EDR, NVIDIA Tesla P100",Eni S.p.A.,HPE,Italy,2018,Industry,253600,177520.0,12210.0,18621.138,1320.0,Optimized,9.803754,Optimized,1.0,11490.0,1172.0,,Cluster,Xeon Platinum 8160  24C 2.1GHz,Intel Skylake,2100,RHEL 7.4,Linux,NVIDIA Tesla P100,24,Xeon Platinum (Skylake),Proliant DL380 Gen10,HP Cluster Platform 3000,Infiniband,Mellanox InfiniBand EDR,Europe,50489,179444,1381.3
90,91,95,Earth Simulator -SX-Aurora TSUBASA,"SX-Aurora TSUBASA B401-8, Vector Engine Type20B 8C 1.6GHz, Infiniband HDR200",Japan Agency for Marine-Earth Science and Technology,NEC,Japan,2021,Research,43776,,9990.7,13447.99,1390.95,Optimized,7.182645,Optimized,2.0,9990.7,1390.95,,Cluster,Vector Engine Type20B 8C 1.6GHz,NEC Vector Engine,1600,VEOS,Linux,,8,Vector Engine,SX-Aurora TSUBASA B401-8,SX-Aurora TSUBASA,Infiniband,Infiniband HDR200,Asia,49318,179927,1418.2
182,183,400,occigen2,"bullx DLC 720, Xeon E5-2690v4 14C 2.6GHz, Infiniband FDR",Grand Equipement National de Calcul Intensif - Centre Informatique National de l'Enseignement Suprieur (GENCI-CINES),EVIDEN,France,2016,Academic,85824,,2494.65,3570.278,1430.0,Submitted,1.74451,,,,,,Cluster,Xeon E5-2690v4 14C 2.6GHz,Intel Broadwell,2600,bullx SCS,Linux,,14,Intel Xeon E5 (Broadwell),bullx DLC 720,Bull Bullx,Infiniband,Infiniband FDR,Europe,50203,179092,1434.1
86,87,266,,"NVIDIA DGX-1/Relion 2904GT, Xeon E5-2698v4 20C 2.2GHz/ E5-2650v4, Infiniband EDR, NVIDIA Tesla P100/Quadro GP100",Facebook,Self-made,United States,2017,Industry,60512,55552.0,3307.0,4896.512,349.5,Submitted,9.462089,,2.0,,,,Cluster,Xeon E5-2698v4 20C 2.2GHz,Intel Broadwell,2200,Ubuntu,Linux,NVIDIA Tesla P100,20,Intel Xeon E5 (Broadwell),NVIDIA DGX-1/Relion 2904GT,Hybrid Cluster,Infiniband,Infiniband EDR,North America,50701,179068,1448.7
92,93,22,MareNostrum 5 GPP,"ThinkSystem SD650 v3, Xeon Platinum 03H-LC 56C 1.7GHz, Infiniband NDR200",EuroHPC/BSC,Lenovo,Spain,2023,Research,725760,,40101.8,46371.2256,5752.9,Optimized,6.97071,Optimized,1.0,40101.8,5752.9,,Cluster,Xeon Platinum 8480+ 56C 2GHz,Intel Sapphire Rapids,2000,RedHat 9.1,Linux,,56,Xeon Platinum (Sapphire Rapids),ThinkSystem SD650 v3,Lenovo ThinkSystem,Infiniband,Infiniband NDR200,Europe,50979,180237,1505.6
147,148,241,Niagara,"ThinkSystem SD530, Xeon Gold 6248 20C 2.5GHz, InfiniBand HDR100",SciNet/University of Toronto/Compute Canada,Lenovo,Canada,2017,Research,80640,,3599.65999,6253.056,919.42,Submitted,3.915142,,1.0,,,,Cluster,Xeon Gold 6148 20C 2.4GHz,Intel Skylake,2400,CentOS,Linux,,20,Xeon Gold (Skylake),ThinkSystem SD530,Lenovo ThinkSystem,Infiniband,4xEDR Infiniband,North America,50206,179408,1506.1
80,81,129,Artemis,"NVIDIA DGX-2, Xeon Platinum 8168 24C 2.7GHz, Infiniband EDR, NVIDIA Tesla V100",Group 42,Nvidia,United Arab Emirates,2019,Industry,107568,103680.0,7257.0,9492.163,673.0,Submitted,10.783061,,1.0,,,,Cluster,Xeon Platinum 8168 24C 2.7GHz,Intel Skylake,2700,Ubuntu,Linux,NVIDIA Tesla V100,24,Xeon Platinum (Skylake),NVIDIA DGX-2,NVIDIA DGX,Infiniband,Infiniband EDR,Asia,50813,179803,1506.3
96,97,137,Camphor 3,"DELL PowerEdge C6620, Xeon CPU Max 9480 56C 1.9GHz, Infiniband NDR","Academic Center for Computing and Media Studies (ACCMS),  Kyoto University",NEC / DELL,Japan,2023,Academic,125440,,6708.13,7626.75,1026.64,Optimized,6.533936,Optimized,1.0,6708.00013,1026.64,,Cluster,Xeon CPU Max 9480 56C 1.9GHz,Intel Sapphire Rapids,1900,Red Hat Enterprise Linux,Linux,,56,Intel Xeon Max,DELL PowerEdge C6620,Dell PowerEdge Cluster,Infiniband,Infiniband NDR,Asia,50516,180226,1559.0
76,77,193,Advanced Computing System(PreE),"Sugon TC8600, Hygon Dhyana  32C 2GHz, Deep Computing Processor, 200Gb 6D-Torus",Sugon,Sugon,China,2018,Vendor,163840,131072.0,4325.0,6134.1696,380.0,Submitted,11.381579,,,,,,Cluster,Hygon Dhyana 32C 2GHz,X86_64,2000,CentOS,Linux,Deep Computing Processor,32,Hygon Dhyana,Sugon TC8600,Sugon Cluster,Gigabit Ethernet,200Gb 6D-Torus,Asia,50797,179593,1651.8
105,106,392,,"PRIMERGY CX2550M7, Xeon CPU Max 9480 56C 1.9GHz, Infiniband NDR200",Japan Meteorological Agency,Fujitsu,Japan,2023,Research,55552,,2547.81,3377.56,438.03,Submitted,5.816519,,2.0,,,,Cluster,Xeon CPU Max 9480 56C 1.9GHz,Intel Sapphire Rapids,1900,Red Hat Enterprise Linux,Linux,,56,Intel Xeon Max,PRIMERGY CX2550M7,Fujitsu PRIMERGY,Infiniband,Infiniband NDR200,Asia,48169,180278,1751.3
104,105,393,,"PRIMERGY CX2550M7, Xeon CPU Max 9480 56C 1.9GHz, Infiniband NDR200",Japan Meteorological Agency,Fujitsu,Japan,2023,Research,55552,,2547.81,3377.56,438.03,Submitted,5.816519,,2.0,,,,Cluster,Xeon CPU Max 9480 56C 1.9GHz,Intel Sapphire Rapids,1900,Red Hat Enterprise Linux,Linux,,56,Intel Xeon Max,PRIMERGY CX2550M7,Fujitsu PRIMERGY,Infiniband,Infiniband NDR200,Asia,48169,180279,1751.3
159,160,380,Cedar (CPU),"PowerEdge C6420, Xeon Platinum 8160  24C 2.1GHz, Intel Omni-Path",Simon Fraser University/Compute Canada,ACTION,Canada,2020,Academic,67584,,2607.98,4895.539,792.0,Submitted,3.292904,,1.0,,,,Cluster,Xeon Platinum 8260 24C 2.4GHz,Intel Cascade lake,2400,CentOS,Linux,,24,Xeon Platinum 82xx (Cascade Lake),PowerEdge C6420,Dell PowerEdge Cluster,Omnipath,Intel Omni-Path,North America,50722,179858,1790.7
91,92,122,Leonardo-CPU,"EVIDEN BullSequana XH2000, Xeon Platinum 8480L 56C 2GHz, InfiniBand HDR 100",EuroHPC/CINECA,EVIDEN,Italy,2023,Academic,172032,,7841.57,9433.09,1118.37,Optimized,7.034817,Optimized,1.0,7841.57,1114.68,,Cluster,Xeon Platinum 8480L 56C 2GHz,Intel Sapphire Rapids,2000,RedHat Enterprise Linux,Linux,,56,Xeon Platinum (Sapphire Rapids),EVIDEN BullSequana XH2000,EVIDEN BullSequana,Infiniband,InfiniBand HDR100,Europe,50944,180204,1925.0
89,90,101,,"SX-Aurora TSUBASA C401-8, Vector Engine Type 30A 16C 1.6GHz, Infiniband NDR200",Deutscher Wetterdienst,NEC,Germany,2023,Research,36864,,9357.4,11199.2,1212.51,Optimized,7.71738,Optimized,3.0,9.3574,,,Cluster,Vector Engine Type 30A 16C 1.6GHz,NEC Vector Engine,1600,VEOS,Linux,,16,Vector Engine,SX-Aurora TSUBASA A412-8,SX-Aurora TSUBASA,Infiniband,Infiniband NDR200,Europe,47712,180090,1934.9
186,187,170,Pangea,"SGI ICE X, Xeon Xeon E5-2670/ E5-2680v3 12C 2.5GHz, Infiniband FDR",Total Exploration Production,HPE,France,2013,Industry,220800,,5283.11,6712.32,4150.0,Submitted,1.273039,,1.0,,,,Cluster,Xeon E5-2680v3 12C 2.5GHz,Intel Haswell,2500,SUSE Linux Enterprise Server 11,Linux,,12,Intel Xeon E5 (Haswell),SGI ICE X,SGI ICE,Infiniband,Infiniband FDR,Europe,49546,178071,1965.3
117,118,121,Plasma Simulator,"SX-Aurora TSUBASA A412-8, Vector Engine Type10AE 8C 1.58GHz, Infiniband HDR 200",National Institute for Fusion Science (NIFS),NEC,Japan,2020,Research,34560,,7892.7,10510.66,1550.1,Submitted,5.091736,,1.0,,,,Cluster,Vector Engine Type10AE 8C 1.58GHz,NEC Vector Engine,1584,VEOS,Linux,,8,Vector Engine,SX-Aurora TSUBASA A412-8,SX-Aurora TSUBASA,Infiniband,Infiniband HDR200,Asia,48476,179871,2000.5
113,114,59,Maru,"ThinkSystem SD650 V2, Xeon Platinum 8368Q 38C 2.6GHz, Infiniband HDR",Korea Meteorological Administration,Lenovo,South Korea,2021,Government,306432,,18002.8,25495.14,3296.0,Submitted,5.462015,,1.0,,,,Cluster,Xeon Platinum 8368Q 38C 2.6GHz,Intel Ice Lake,2600,Linux,Linux,,38,Xeon Platinum 83xx (Ice Lake),ThinkSystem SD650-N V2,Lenovo ThinkSystem,Infiniband,Infiniband HDR,Asia,50890,180023,2028.2
114,115,58,Guru,"ThinkSystem SD650 V2, Xeon Platinum 8368Q 38C 2.6GHz, Infiniband HDR",Korea Meteorological Administration,Lenovo,South Korea,2021,Government,306432,,18002.8,25495.14,3296.0,Submitted,5.462015,,1.0,,,,Cluster,Xeon Platinum 8368Q 38C 2.6GHz,Intel Ice Lake,2600,Linux,Linux,,38,Xeon Platinum 83xx (Ice Lake),ThinkSystem SD650 V2,Lenovo ThinkSystem,Infiniband,Infiniband HDR,Asia,50890,179912,2028.2
119,120,152,SQUID - CPU Nodes,"NEC LX 103Bj-8, Xeon Platinum 8368 38C 2.4GHz, Infiniband HDR200",Osaka University,NEC,Japan,2021,Academic,115520,,6105.1,8871.94,1222.2,Optimized,4.995173,Optimized,1.0,6105.1,1222.2,,Cluster,Xeon Platinum 8368 38C 2.4GHz,Intel Ice Lake,2400,CentOS,Linux,,38,Xeon Platinum 83xx (Ice Lake),NEC LX 103Bj-8,NEC Cluster,Infiniband,Infiniband HDR200,Asia,48585,179934,2039.2
94,95,165,Snellius Phase 2 CPU,"ThinkSystem SD665 V3, AMD EPYC 9654 96C 2.4GHz, Infiniband NDR200",SURF,Lenovo,Netherlands,2023,Research,150912,,5404.2,5713.92,799.0,Submitted,6.763705,,1.0,,,,Cluster,AMD EPYC 9654 96C 2.4GHz,AMD Zen-4 (Genoa),2400,RHEL 8.6,Linux,,96,AMD Zen-4 (Genoa),ThinkSystem SD665 V3,Lenovo ThinkSystem,Infiniband,Infiniband NDR200,Europe,50900,180230,2096.4
97,98,385,Conesus,"PowerEdge C6220, Xeon Platinum 8480+ 56C 2GHz, Infiniband HDR200",University of Rochester - Laboratory for Laser Energetics,DELL EMC,United States,2023,Research,43008,,2589.48,2752.51,409.25,Submitted,6.327379,,3.0,,,,Cluster,Xeon Platinum 8480+ 56C 2GHz,Intel Sapphire Rapids,2000,TOSS 4 Linux,Linux,,56,Xeon Platinum (Sapphire Rapids),PowerEdge C6220,Dell PowerEdge Cluster,Infiniband,Infiniband HDR200,North America,50958,180176,2166.4
99,100,462,MeluXina - Cluster Module,"BullSequana XH2000, AMD EPYC 7H12 64C 2.6GHz, Mellanox HDR200 InfiniBand/ParTec ParaStation ClusterSuite",LuxProvide,EVIDEN,Luxembourg,2021,Research,73344,,2286.56,3003.18,377.21,Optimized,6.061769,Optimized,1.0,2286.56,,,Cluster,AMD EPYC 7H12 64C 2.6GHz,AMD Zen-2 (Rome),2600,RHEL compatible,Linux,,64,AMD Zen-2 (Rome),BullSequana XH2000,BullSequana,Infiniband,Mellanox HDR200 InfiniBand/ParTec ParaStation ClusterSuite,Europe,50882,179964,2235.1
98,99,145,SPR-HBM,"Lenovo ThinkSystem SD650 V3, Xeon CPU Max 9480 56C 1.9GHz, Infiniband NDR",BP,Lenovo,United States,2023,Industry,119952,,6463.85,7293.08,1062.0,Optimized,6.086488,Optimized,1.0,6.4639,,,Cluster,Xeon CPU Max 9480 56C 1.9GHz,Intel Sapphire Rapids,1900,Linux,Linux,,56,Intel Xeon Max,Lenovo ThinkSystem SD650 V3,Lenovo ThinkSystem,Infiniband,Infiniband NDR,North America,50996,180201,2252.2
101,102,107,SNL CTS-2 Stout,"PowerEdge C6220, Xeon Platinum 8480+ 56C 2GHz, Dual-rail Intel Omni-Path",Sandia National Laboratories,DELL EMC,United States,2023,Research,157248,,8987.13,10063.87,1491.14,Optimized,6.02702,Optimized,2.0,8987.13,,,Cluster,Xeon Platinum 8480+ 56C 2GHz,Intel Sapphire Rapids,2000,Linux/TOSS,Linux,,56,Xeon Platinum (Sapphire Rapids),PowerEdge C6220,Dell PowerEdge Cluster,Omnipath,Dual-rail Intel Omni-Path,North America,48748,180233,2274.4
138,139,306,Numerical Materials Simulator,"HPE SGI 8600, Xeon Platinum 8268 24C 2.9GHz, Dual-rail Intel Omni-Path",National Institute for Materials Science,HPE,Japan,2020,Research,53568,,3082.12,4971.1104,691.2,Submitted,4.459086,,1.0,,,,Cluster,Xeon Platinum 8268 24C 2.9GHz,Intel Cascade lake,2900,CentOS,Linux,,24,Xeon Platinum 82xx (Cascade Lake),HPE SGI 8600,HPE SGI 8600,Omnipath,Dual-rail Intel Omni-Path,Asia,49749,179847,2284.4
112,113,140,HPCF-AB,"EVIDEN BullSequana XH2000, AMD EPYC 7742 64C 2.25GHz, Infiniband HDR200",ECMWF,EVIDEN,Italy,2022,Research,245760,,6671.94,8847.36,1200.0,Submitted,5.55995,,1.0,,,,Cluster,AMD EPYC 7742 64C 2.25GHz,AMD Zen-2 (Rome),2250,Linux,Linux,,64,AMD Zen-2 (Rome),EVIDEN BullSequana XH2000,EVIDEN BullSequana,Infiniband,Infiniband HDR200,Europe,50993,180213,2435.6
111,112,139,HPCF-AC,"EVIDEN BullSequana XH2000, AMD EPYC 7742 64C 2.25GHz, Infiniband HDR200",ECMWF,EVIDEN,Italy,2022,Research,245760,,6671.94,8847.36,1200.0,Submitted,5.55995,,1.0,,,,Cluster,AMD EPYC 7742 64C 2.25GHz,AMD Zen-2 (Rome),2250,Linux,Linux,,64,AMD Zen-2 (Rome),EVIDEN BullSequana XH2000,EVIDEN BullSequana,Infiniband,Infiniband HDR200,Europe,50993,180212,2435.6
110,111,138,HPCF-AD,"EVIDEN BullSequana XH2000, AMD EPYC 7742 64C 2.25GHz, Infiniband HDR200",ECMWF,EVIDEN,Italy,2022,Research,245760,,6671.94,8847.36,1200.0,Submitted,5.55995,,1.0,,,,Cluster,AMD EPYC 7742 64C 2.25GHz,AMD Zen-2 (Rome),2250,Linux,Linux,,64,AMD Zen-2 (Rome),EVIDEN BullSequana XH2000,EVIDEN BullSequana,Infiniband,Infiniband HDR200,Europe,50993,180211,2435.6
109,110,141,HPCF-AA,"EVIDEN BullSequana XH2000, AMD EPYC 7742 64C 2.25GHz, Infiniband HDR200",ECMWF,EVIDEN,Italy,2022,Research,245760,,6671.94,8847.36,1200.0,Submitted,5.55995,,1.0,,,,Cluster,AMD EPYC 7742 64C 2.25GHz,AMD Zen-2 (Rome),2250,Linux,Linux,,64,AMD Zen-2 (Rome),EVIDEN BullSequana XH2000,EVIDEN BullSequana,Infiniband,Infiniband HDR200,Europe,50993,180214,2435.6
95,96,23,Shaheen III - CPU,"HPE Cray EX, AMD EPYC 9654 96C 2.4GHz, Slingshot-11",King Abdullah University of Science and Technology,HPE,Saudi Arabia,2023,Academic,877824,,35658.3,39607.42,5301.0,Submitted,6.726712,,,,,,MPP,AMD EPYC 9654 96C 2.4GHz,AMD Zen-4 (Genoa),2400,HPE Cray OS,Linux,,96,AMD Zen-4 (Genoa),HPE Cray EX,HPE Cray EX,Gigabit Ethernet,Slingshot-11,Asia,50205,180179,2470.2
142,143,308,Camphor 2,"Cray XC40, Intel Xeon Phi 7250 68C 1.4GHz, Aries interconnect ","Academic Center for Computing and Media Studies (ACCMS),  Kyoto University",HPE,Japan,2016,Academic,122400,,3057.35,5483.52,748.1,Submitted,4.08682,,,,,,MPP,Intel Xeon Phi 7250 68C 1.4GHz,Intel Xeon Phi,1400,Cray Linux Environment ,Linux,,68,Intel Xeon Phi,Cray XC40,Cray XC,Custom Interconnect,Aries interconnect ,Asia,50516,178927,2492.5
145,146,345,JFRS-1,"Cray XC50, Xeon Gold 6148 20C 2.4GHz, Aries interconnect ","Rokkasho Fusion Institute, National Institutes for Quantum and Radiological Science and Technology",HPE,Japan,2018,Research,54560,,2787.14,4190.208,697.51,Submitted,3.995842,,,,,,MPP,Xeon Gold 6148 20C 2.4GHz,Intel Skylake,2400,Cray Linux Environment ,Linux,,20,Xeon Gold (Skylake),Cray XC50,Cray XC,Custom Interconnect,Aries interconnect ,Asia,50767,179417,2549.2
107,108,310,Barnard,"EVIDEN BullSequana X2140, Xeon Platinum 8470 52C 2GHz, Mellanox HDR Infiniband","TU Dresden, ZIH",EVIDEN,Germany,2023,Academic,65520,,3047.36,4046.85,535.7,Optimized,5.699196,Optimized,3.0,3047.36,534.7,,Cluster,Xeon Platinum 8470 52C 2GHz,Intel Sapphire Rapids,2000,RedHat Enterprise Linux,Linux,,52,Xeon Platinum (Sapphire Rapids),EVIDEN BullSequana X2140,EVIDEN BullSequana,Infiniband,Mellanox HDR Infiniband,Europe,50565,180137,2620.1
146,147,144,MareNostrum,"Lenovo SD530, Xeon Platinum 8160 24C 2.1GHz, Intel Omni-Path",Barcelona Supercomputing Center,Lenovo,Spain,2017,Academic,153216,,6470.8,10296.115,1632.0,Submitted,3.964951,,,,,,Cluster,Xeon Platinum 8160  24C 2.1GHz,Intel Skylake,2100,SUSE Linux,Linux,,24,Xeon Platinum (Skylake),ThinkSystem SD530,Lenovo ThinkSystem,Omnipath,Intel Omni-Path,Europe,49748,179067,2646.9
106,107,251,Forerunner 1,"ASUS RS723Q-E11-RS24, Xeon Platinum 8480+ 56C 2GHz, Infiniband NDR200",National Center for High Performance Computing,ASUSTeK / ASUS Cloud / Taiwan Web Service Corporation,Taiwan,2023,Research,62496,,3532.92,3999.74,614.87,Optimized,5.7458,Optimized,,3532.92,614.87,,Cluster,Xeon Platinum 8480+ 56C 2GHz,Intel Sapphire Rapids,2000,RHEL,Linux,,56,Xeon Platinum (Sapphire Rapids),ASUS ESC4000-E11,Asus Cluster,Infiniband,Infiniband NDR200,Asia,50977,180235,2658.7
115,116,242,Fritz,"Megware D50TNP, Xeon Platinum 8360Y 36C 2.4GHz, InfiniBand HDR100",Universitaet Erlangen - Regionales Rechenzentrum Erlangen,MEGWARE,Germany,2021,Academic,71424,,3578.03,5452.18,671.97,Submitted,5.324687,,1.0,,,,Cluster,Xeon Platinum 8360Y 36C 2.4GHz,Intel Ice Lake,2400,AlmaLinux 8.5,Linux,,36,Xeon Platinum 83xx (Ice Lake),Megware D50TNP,MEGWARE Cluster,Infiniband,InfiniBand HDR100,Europe,49515,180074,2804.4
124,125,486,Rockfish,"ThinkSystem SD530, Xeon Gold 6248R 24C 3GHz, Infiniband HDR",Johns Hopkins University,Lenovo,United States,2020,Academic,37392,,2175.0,3589.63,450.0,Submitted,4.833333,,1.0,,,,Cluster,Xeon Gold 6248R 24C 3GHz,Intel Cascade lake,3000,Linux,Linux,,24,Xeon Gold 62xx (Cascade Lake),ThinkSystem SD530,Lenovo ThinkSystem,Infiniband,Infiniband HDR,North America,50922,180200,2836.1
127,128,27,Crossroads,"HPE Cray EX, Xeon CPU Max 9480 56C 1.9GHz, Slingshot-11",DOE/NNSA/LANL/SNL,HPE,United States,2023,Research,660800,,30034.7,40176.64,6283.91,Submitted,4.77962,,1.0,,,,MPP,Xeon CPU Max 9480 56C 1.9GHz,Intel Sapphire Rapids,1900,HPE Cray OS,Linux,,56,Intel Xeon Max,HPE Cray EX,HPE Cray EX,Gigabit Ethernet,Slingshot-11,North America,50334,180178,2868.0
120,121,52,Hawk,"Apollo 9000, AMD EPYC 7742 64C 2.25GHz, Mellanox HDR Infiniband",HLRS - Höchstleistungsrechenzentrum Stuttgart,HPE,Germany,2020,Research,698880,,19334.0,25159.68,3905.83,Submitted,4.950036,,,,,,Cluster,AMD EPYC 7742 64C 2.25GHz,AMD Zen-2 (Rome),2250,Tri-Lab Operating System ,Linux,,64,AMD Zen-2 (Rome),Apollo 9000,HPE Apollo,Infiniband,Mellanox HDR Infiniband,Europe,50543,179880,3016.7
134,135,105,Aitken,"HPE Apollo 9000/HPE SGI 8600, AMD EPYC 7742 64C 2.25GHz/Intel Xeon Gold 6248 20C 2.5GHz, Mellanox EDR/HDR Infiniband",NASA/Ames Research Center/NAS,HPE,United States,2022,Research,293936,,9070.0,12493.06,2010.1,Submitted,4.512213,,,,,,Cluster,AMD EPYC 7742 64C 2.25GHz,AMD Zen-2 (Rome),2250,Tri-Lab Operating System ,Linux,,64,AMD Zen-2 (Rome),Apollo 9000,HPE Apollo,Infiniband,Mellanox HDR Infiniband,North America,48408,179959,3038.0
135,136,245,Anvil,"PowerEdge 6525, AMD EPYC 7763 64C 2.45GHz, InfiniBand HDR 100",Purdue University,DELL EMC,United States,2022,Academic,127488,,3563.1,4997.53,792.0,Submitted,4.498864,,1.0,,,,Cluster,AMD EPYC 7763 64C 2.45GHz,AMD Zen-3 (Milan),2450,Rocky Linux 8.4,Linux,,64,AMD Zen-3 (Milan),PowerEdge 6525,Dell PowerEdge Cluster,Infiniband,InfiniBand HDR100,North America,48657,180085,3047.0
137,138,195,SNL/NNSA CTS-1 Manzano,"Tundra Extreme Scale, Xeon Platinum 8268 24C 2.9GHz, Intel Omni-Path",Sandia National Laboratories,Penguin Computing,United States,2020,Research,71424,,4281.0,6628.15,960.0,Submitted,4.459375,,2.0,,,,Cluster,Xeon Platinum 8268 24C 2.9GHz,Intel Cascade lake,2900,Linux/TOSS,Linux,,24,Xeon Platinum 82xx (Cascade Lake),Tundra Extreme Scale,Penguin Computing Cluster,Omnipath,Intel Omni-Path,North America,48748,179907,3074.0
125,126,202,Noctua 2,"BullSequana XH2000, AMD EPYC 7763 64C 2.45GHz, InfiniBand HDR100",Universitaet Paderborn - PC2,EVIDEN,Germany,2022,Academic,135168,,4190.9,5298.59,868.74,Optimized,4.824113,Optimized,1.0,4190.9,868.74,,Cluster,AMD EPYC 7763 64C 2.45GHz,AMD Zen-3 (Milan),2450,Linux,Linux,,64,AMD Zen-3 (Milan),BullSequana XH2000,BullSequana,Infiniband,InfiniBand HDR100,Europe,49104,180071,3095.4
100,101,13,Sunway TaihuLight,"Sunway MPP, Sunway SW26010 260C 1.45GHz, Sunway",National Supercomputing Center in Wuxi,NRCPC,China,2016,Research,10649600,,93014.59388,125435.904,15371.0,Submitted,6.051304,,2.0,,,,MPP,Sunway SW26010 260C 1.45GHz,ShenWei,1450,Sunway RaiseOS 2.0.5,Linux,,260,Sunway,Sunway MPP,Sunway Cluster,Custom Interconnect,Sunway,Asia,50623,178764,3106.7
128,129,448,HoreKa-Blue,"ThinkSystem SD650 V2, Xeon Platinum 8368 38C 2.4GHz, Mellanox HDR Infiniband",Karlsruher Institut für Technologie (KIT) ,Lenovo,Germany,2021,Academic,45752,,2333.51,3513.75,494.51,Optimized,4.718833,Optimized,1.0,2333.51,494.51,,Cluster,Xeon Platinum 8368 38C 2.4GHz,Intel Ice Lake,2400,Linux,Linux,,38,Xeon Platinum 83xx (Ice Lake),ThinkSystem SD650 V2,Lenovo ThinkSystem,Infiniband,Mellanox HDR Infiniband,Europe,50444,179914,3164.5
131,132,286,CLAIX-2023 (CPU segment),"NEC HPC1808Rk-2 DLC, Xeon Platinum 8468 48C 2.1GHz, Infiniband NDR",Universitaet Aachen/RWTH - IT Center,NEC,Germany,2024,Academic,57408,,3133.42,3812.66,676.45,Submitted,4.632153,,2.0,,,,Cluster,Xeon Platinum 8468 48C 2.1GHz,Intel Sapphire Rapids,2100,Rocky Linux 8,Linux,,48,Xeon Platinum (Sapphire Rapids),NEC HPC1808Rk-2 DLC,NEC Cluster,Infiniband,Infiniband NDR,Europe,50675,180286,3223.7
132,133,284,Lichtenberg II (Phase 1),"MEGWARE MiriQuid, Intel Xeon Platinum 9242 48C 2.3GHz, Mellanox InfiniBand HDR100",Technische Universitaet Darmstadt,MEGWARE,Germany,2020,Academic,59136,,3148.38,4352.41,690.0,Submitted,4.56287,,2.0,,,,Cluster,Intel Xeon Platinum 9242 48C 2.3GHz,Intel Cascade lake,2300,CentOS,Linux,,48,Xeon Platinum 92xx (Cascade Lake),MEGWARE MiriQuid,MEGWARE Cluster,Infiniband,InfiniBand HDR100,Europe,49078,179857,3272.6
133,134,149,JUWELS Module 1,"Bull Sequana X1000, Xeon Platinum 8168 24C 2.7GHz, Mellanox EDR InfiniBand/ParTec ParaStation ClusterSuite",Forschungszentrum Juelich (FZJ),EVIDEN,Germany,2018,Research,114480,,6177.73,9891.072,1361.0,Submitted,4.539111,,2.0,,,,Cluster,Xeon Platinum 8168 24C 2.7GHz,Intel Skylake,2700,CentOS,Linux,,24,Xeon Platinum (Skylake),BullSequana X1000,BullSequana,Infiniband,Mellanox EDR InfiniBand/ParTec ParaStation ClusterSuite,Europe,47871,179424,3289.8
108,109,338,"Karolina, CPU partition","Apollo 2000, AMD EPYC 7H12 64C 2.6GHz, InfiniBand HDR 100","IT4Innovations National Supercomputing Center, VSB-Technical University of Ostrava",HPE,Czechia,2021,Academic,92160,,2837.4,3833.86,502.7,Submitted,5.644321,,,,,,Cluster,AMD EPYC 7H12 64C 2.6GHz,AMD Zen-2 (Rome),2600,CentOS,Linux,,64,AMD Zen-2 (Rome),Apollo 2000,HPE Apollo,Infiniband,InfiniBand HDR100,Europe,50561,179926,3307.0
144,145,158,Sawtooth,"HPE SGI 8600, Xeon Platinum 8268 24C 2.9GHz, Infiniband EDR/HDR ",Idaho National Laboratory,HPE,United States,2019,Research,99792,,5780.62,9220.608,1432.0,Submitted,4.036746,,1.0,,,,Cluster,Xeon Platinum 8268 24C 2.9GHz,Intel Cascade lake,2900,RHEL 7.6,Linux,,24,Xeon Platinum 82xx (Cascade Lake),HPE SGI 8600,HPE SGI 8600,Infiniband,Infiniband EDR/HDR ,North America,47650,179708,3395.8
93,94,305,Helios CPU,"HPE Cray EX, AMD EPYC 9654 96C 2.4GHz, Slingshot-11",Cyfronet,HPE,Poland,2023,Academic,75264,,3086.4,3352.59,453.8,Submitted,6.801234,,1.0,,,,MPP,AMD EPYC 9654 96C 2.4GHz,AMD Zen-4 (Genoa),2400,HPE Cray OS,Linux,,96,AMD Zen-4 (Genoa),HPE Cray EX,HPE Cray EX,Gigabit Ethernet,Slingshot-11,Europe,47634,180205,3412.5
143,144,458,Taiwania 3,"QCT QuantaPlex T42D-2U/4N, Xeon Platinum 8280 28C 2.7GHz, InfiniBand HDR 100",National Center for High Performance Computing,Quanta Computer / Taiwan Fixed Network / ASUS Cloud,Taiwan,2020,Research,50400,,2297.56,4354.56,563.85,Submitted,4.074772,,1.0,,,,Cluster,Xeon Platinum 8280 28C 2.7GHz,Intel Cascade lake,2700,CentOS,Linux,,28,Xeon Platinum 82xx (Cascade Lake),QCT QuantaPlex T42D-2U/4N,QCT QuantaPlex,Infiniband,InfiniBand HDR100,Asia,48468,179902,3749.0
150,151,269,LLNL/NNSA CTS-1 MAGMA,"Relion Cluster, Intel Xeon Platinum 9242 48C 2.3GHz, Intel Omni-Path",Lawrence Livermore National Laboratory,Penguin Computing,United States,2019,Research,62400,,3241.24,4592.64,887.0,Submitted,3.65416,,,,,,Cluster,Intel Xeon Platinum 9242 48C 2.3GHz,Intel Cascade lake,2300,Linux/TOSS,Linux,,48,Xeon Platinum 92xx (Cascade Lake),Relion Cluster,Penguin Computing Cluster,Omnipath,Intel Omni-Path,North America,48247,179774,3751.3
151,152,356,SNL/NNSA CTS-1 Attaway,"Tundra Extreme Scale, Xeon Gold 6140 18C 2.3GHz, Intel Omni-Path",Sandia National Laboratories,Penguin Computing,United States,2019,Research,52920,,2724.52,3894.912,750.0,Submitted,3.632693,,2.0,,,,Cluster,Xeon Gold 6140 18C 2.3GHz,Intel Skylake,2300,Linux/TOSS,Linux,,18,Xeon Gold (Skylake),Tundra Extreme Scale,Penguin Computing Cluster,Omnipath,Intel Omni-Path,North America,48748,179777,3773.5
152,153,173,TX-GAIA (Green AI Accelerator),"Apollo 2000, Xeon Gold 6248 20C 2.5GHz, NVIDIA Tesla V100, Intel Omni-Path",MIT Lincoln Laboratory Supercomputing Center,HPE,United States,2019,Academic,88400,70720.0,5161.0,6981.4784,1436.0,Submitted,3.594011,,,,,,Cluster,Xeon Gold 6248 20C 2.5GHz,Intel Cascade lake,2500,CentOS Linux 7,Linux,NVIDIA Tesla V100,20,Xeon Gold 62xx (Cascade Lake),Apollo 2000,HPE Apollo,Omnipath,Intel Omni-Path,North America,48296,179603,3814.1
155,156,74,Cori,"Cray XC40, Intel Xeon Phi 7250 68C 1.4GHz, Aries interconnect ",DOE/SC/LBNL/NERSC,HPE,United States,2016,Research,622336,,14014.7,27880.653,3939.0,Submitted,3.557933,,,,,,MPP,Intel Xeon Phi 7250 68C 1.4GHz,Intel Xeon Phi,1400,Cray Linux Environment ,Linux,,68,Intel Xeon Phi,Cray XC40,Cray XC,Custom Interconnect,Aries interconnect ,North America,48429,178924,3852.8
140,141,472,Cumulus,"PowerEdge C6420/C6320, Intel Xeon Phi 7210/Xeon Gold 6142F 16C 2.6GHz, Intel Omni-Path",University of Cambridge,DELL EMC,United Kingdom,2018,Academic,50176,,2271.38,2688.0,530.0,Submitted,4.285623,,,,,,Cluster,Xeon Gold 6142F 16C 2.6GHz,Intel Skylake,2600,Scientific Linux,Linux,,16,Xeon Gold (Skylake),PowerEdge C6420/C6320,Dell PowerEdge Cluster,Omnipath,Intel Omni-Path,Europe,49143,179577,3948.2
153,154,404,CLAIX (2018),"INTEL-HNS2600BPB, Xeon Platinum 8160  24C 2.1GHz, Intel Omni-Path",Universitaet Aachen/RWTH - IT Center,NEC,Germany,2018,Academic,61200,,2483.58,4112.64,692.05,Submitted,3.588729,,1.0,,,,Cluster,Xeon Platinum 8160  24C 2.1GHz,Intel Skylake,2100,CentOS,Linux,,24,Xeon Platinum (Skylake),INTEL-HNS2600BPB,NEC Cluster,Omnipath,Intel Omni-Path,Europe,50675,179682,4161.0
161,162,163,Electra,"HPE SGI 8600/SGI ICE-X, E5-2680V4/ Xeon Gold 6148 20C 2.4GHz, Infiniband EDR/FDR-56 IB",NASA/Ames Research Center/NAS,HPE,United States,2018,Research,124416,,5444.64,8316.518,1685.73,Submitted,3.229841,,1.0,,,,Cluster,Xeon Gold 6148 20C 2.4GHz,Intel Skylake,2400,SLES12 SP2,Linux,,20,Xeon Gold (Skylake),HPE SGI 8600,HPE SGI 8600,Infiniband,Infiniband EDR,North America,48408,179589,4244.1
157,158,159,COBRA,"Intel Compute Module HNS2600BP, Xeon Gold 6148 20C 2.4GHz, Intel Omni-Path",Max-Planck-Gesellschaft MPI/IPP,Intel,Germany,2018,Research,127520,,5612.83,9793.536,1635.0,Submitted,3.432924,,1.0,,,,Cluster,Xeon Gold 6148 20C 2.4GHz,Intel Skylake,2400,SUSE Linux Enterprise Server 12 SP1,Linux,,20,Xeon Gold (Skylake),Intel Compute Module HNS2600BP,Intel Cluster,Omnipath,Intel Omni-Path,Europe,48331,179423,4349.8
148,149,452,Makman-3,"PowerEdge R440/C6320p, Intel Xeon Phi 7250/Xeon Gold 6130 16C 2.1GHz, Intel Omni-Path",Saudi Aramco,DELL EMC,Saudi Arabia,2018,Industry,53300,,2322.46,3581.76,608.0,Submitted,3.819836,,,,,,Cluster,Xeon Gold 6130 16C 2.1GHz,Intel Skylake,2100,RHEL 7.4,Linux,,16,Xeon Gold (Skylake),PowerEdge R440,Dell PowerEdge Cluster,Omnipath,Intel Omni-Path,Asia,48751,179437,4349.9
163,164,411,Centennial,"SGI ICE XA, Xeon E5-2698v4 20C 2.2GHz, Infiniband EDR",US Army Research Laboratory (ARL),HPE,United States,2017,Research,73920,,2443.7,2601.984,835.0,Submitted,2.926587,,,,,,Cluster,Xeon E5-2698v4 20C 2.2GHz,Intel Broadwell,2200,RHEL 7.2,Linux,,20,Intel Xeon E5 (Broadwell),SGI ICE XA,SGI ICE,Infiniband,Infiniband EDR,North America,49039,179105,4683.9
126,127,444,Ares,"CH121L V5 Liquid-Cooled, Xeon Platinum 8268 24C 2.9GHz, Infiniband EDR",Cyfronet,Huawei,Poland,2021,Academic,37824,,2338.79,3510.07,486.85,Optimized,4.812127,Optimized,2.0,2338.79,486.02,,Cluster,Xeon Platinum 8268 24C 2.9GHz,Intel Cascade lake,2900,CentOS,Linux,,24,Xeon Platinum 82xx (Cascade Lake),CH121L V5 Liquid-Cooled,Huawei Cluster,Infiniband,Infiniband EDR,Europe,47634,179958,4823.0
166,167,183,Cheyenne,"SGI ICE XA, Xeon E5-2697v4 18C 2.3GHz, Infiniband EDR",National Center for Atmospheric Research (NCAR),HPE,United States,2016,Research,144900,,4788.19,5332.32,1727.0,Submitted,2.772548,,,,,,Cluster,Xeon E5-2697v4 18C 2.3GHz,Intel Broadwell,2300,SUSE Linux Enterprise Server 12 SP1,Linux,,18,Intel Xeon E5 (Broadwell),SGI ICE XA,SGI ICE,Infiniband,Infiniband EDR,North America,48418,178965,4944.2
169,170,45,Trinity,"Cray XC40, Xeon E5-2698v3 16C 2.3GHz, Intel Xeon Phi 7250 68C 1.4GHz, Aries interconnect",DOE/NNSA/LANL/SNL,HPE,United States,2017,Research,979072,,20158.7,41461.15,7578.1,Submitted,2.660126,,,,,,MPP,Intel Xeon Phi 7250 68C 1.4GHz,Intel Xeon Phi,1400,Cray Linux Environment ,Linux,,68,Intel Xeon Phi,Cray XC40,Cray XC,Custom Interconnect,Aries interconnect ,North America,50334,178610,5153.1
170,171,274,HPC2,"iDataPlex DX360M4, Intel Xeon E5-2680v2  10C 2.8GHz, Infiniband FDR, NVIDIA K20x",Eni S.p.A.,IBM,Italy,2014,Industry,72000,42000.0,3188.0,4605.0,1227.0,Submitted,2.598207,,,,,,Cluster,Intel Xeon E5-2680v2  10C 2.8GHz,Intel IvyBridge,2800,Linux,Linux,NVIDIA Tesla K20x,10,Intel Xeon E5 (IvyBridge),iDataPlex DX360M4,IBM iDataPlex,Infiniband,Infiniband FDR,Europe,50489,178425,5212.1
154,155,394,PAI-BSystem,"Sugon TC4600LP/W740I, Xeon Gold 6142 16C 2.6GHz, Infiniband EDR, NVIDIA Tesla P100",China Meteorological Administration,Sugon,China,2018,Research,50816,2688.0,2547.0,4229.8496,710.0,Submitted,3.587324,,,,,,Cluster,Xeon Gold 6142 16C 2.6GHz,Intel Skylake,2600,RHEL 7.3,Linux,NVIDIA Tesla P100,16,Xeon Gold (Skylake),Sugon TC4600LP,Sugon Cluster,Infiniband,Infiniband EDR,Asia,47551,179440,5240.5
141,142,250,Altair,"CH121L V5 Liquid-Cooled, Xeon Platinum 8268 24C 2.9GHz, Infiniband EDR",PCSS Poznan,Huawei,Poland,2020,Academic,63360,,3533.61,5879.81,829.0,Submitted,4.262497,,1.0,,,,Cluster,Xeon Platinum 8268 24C 2.9GHz,Intel Cascade lake,2900,CentOS,Linux,,24,Xeon Platinum 82xx (Cascade Lake),CH121L V5 Liquid-Cooled,Huawei Cluster,Infiniband,Infiniband EDR,Europe,50183,179903,5445.0
167,168,312,Mistral,"bullx DLC 720, Xeon E5-2680v3 12C 2.5GHz/E5-2695V4 18C  2.1Ghz, Infiniband FDR",DKRZ - Deutsches Klimarechenzentrum,EVIDEN,Germany,2015,Research,99072,,3010.68,3962.88,1116.0,Submitted,2.697742,,,,,,Cluster,Xeon E5-2680v3 12C 2.5GHz,Intel Haswell,2500,Bullx Linux,Linux,,12,Intel Xeon E5 (Haswell),bullx DLC 720,Bull Bullx,Infiniband,Infiniband FDR,Europe,47642,178567,5535.2
158,159,16,Tianhe-2A,"TH-IVB-FEP Cluster, Intel Xeon E5-2692v2 12C 2.2GHz, TH Express-2, Matrix-2000",National Super Computer Center in Guangzhou,NUDT,China,2018,Research,4981760,4554752.0,61444.5,100678.664,18482.0,Submitted,3.324559,,1.0,,,,Cluster,Intel Xeon E5-2692v2 12C 2.2GHz,Intel IvyBridge,2200,Kylin Linux,Linux,Matrix-2000,12,Intel Xeon E5 (IvyBridge),TH-IVB-FEP Cluster,TH-IVB Cluster,Custom Interconnect,TH Express-2,Asia,50365,177999,5654.7
160,161,413,PAI-ASystem,"Sugon TC4600, Xeon Gold 6142 16C 2.6GHz, Infiniband EDR",China Meteorological Administration,Sugon,China,2017,Research,48128,,2435.0,4004.25,740.0,Submitted,3.290541,,,,,,Cluster,Xeon Gold 6142 16C 2.6GHz,Intel Skylake,2600,Linux,Linux,,16,Xeon Gold (Skylake),Sugon TC4600,Sugon Cluster,Infiniband,Infiniband EDR,Asia,47551,179425,5713.2
171,172,244,,"Cray CS-Storm, Intel Xeon E5-2660v2 10C 2.2GHz, Infiniband FDR, Nvidia K40",Government,HPE,United States,2015,Government,72800,62400.0,3577.0,6131.84,1498.9,Submitted,2.386417,,,,,,Cluster,Xeon E5-2660v2 10C 2.2GHz,Intel IvyBridge,2200,Linux,Linux,NVIDIA Tesla K40,10,Intel Xeon E5 (IvyBridge),Cray CS-Storm,Cray CS-Storm,Infiniband,Infiniband FDR,North America,50046,178519,5744.1
172,173,243,,"Cray CS-Storm, Intel Xeon E5-2660v2 10C 2.2GHz, Infiniband FDR, Nvidia K40",Government,HPE,United States,2014,Government,72800,62400.0,3577.0,6131.84,1498.9,Submitted,2.386417,,,,,,Cluster,Xeon E5-2660v2 10C 2.2GHz,Intel IvyBridge,2200,Linux,Linux,NVIDIA Tesla K40,10,Intel Xeon E5 (IvyBridge),Cray CS-Storm,Cray CS-Storm,Infiniband,Infiniband FDR,North America,50046,178445,5744.1
164,165,268,Damson,"Bull Sequana X1000, Xeon E5-2697v4 18C 2.3GHz, Infiniband EDR",AWE,EVIDEN,United Kingdom,2017,Research,113832,,3243.41,3791.5776,1134.0,Submitted,2.86015,,2.0,,,,Cluster,Xeon E5-2697v4 18C 2.3GHz,Intel Broadwell,2300,bullx SCS,Linux,,18,Intel Xeon E5 (Broadwell),BullSequana X1000,BullSequana,Infiniband,Infiniband EDR,Europe,47363,179409,5915.9
173,174,210,Abel,"Cray XC30, Xeon E5-2698v3 16C 2.3GHz, Aries interconnect ",Petroleum Geo-Services,HPE,United States,2015,Industry,145920,,4042.46,5369.856,1800.0,Submitted,2.245811,,,,,,MPP,Xeon E5-2698v3 16C 2.3GHz,Intel Haswell,2300,Cray Linux Environment ,Linux,,16,Intel Xeon E5 (Haswell),Cray XC30,Cray XC,Custom Interconnect,Aries interconnect ,North America,48602,178556,6103.8
162,163,481,,"Sugon TC6000, Xeon Gold 6130 16C 2.1GHz, 25G Ethernet",Internet Company,Sugon,China,2019,Industry,67200,,2192.0,4515.84,740.0,Submitted,2.962162,,,,,,Cluster,Xeon Gold 6130 16C 2.1GHz,Intel Skylake,2100,CentOS,Linux,,16,Xeon Gold (Skylake),Sugon TC6000,Sugon Cluster,Gigabit Ethernet,25G Ethernet,Asia,50743,179672,6346.6
165,166,230,Pratyush,"Cray XC40, Xeon E5-2695v4 18C 2.1GHz, Aries interconnect ",Indian Institute of Tropical Meteorology,HPE,India,2018,Research,119232,,3763.94,4006.195,1353.23,Submitted,2.781449,,,,,,MPP,Xeon E5-2695v4 18C 2.1GHz,Intel Broadwell,2100,Cray Linux Environment ,Linux,,18,Intel Xeon E5 (Broadwell),Cray XC40,Cray XC,Custom Interconnect,Aries interconnect ,Asia,50296,179416,6385.5
168,169,390,Mihir,"Cray XC40, Xeon E5-2695v4 18C 2.1GHz, Aries interconnect ",National Centre for Medium Range Weather Forecasting,HPE,India,2018,Research,83592,,2570.4,2808.691,954.73,Submitted,2.692279,,,,,,MPP,Xeon E5-2695v4 18C 2.1GHz,Intel Broadwell,2100,Cray Linux Environment ,Linux,,18,Intel Xeon E5 (Broadwell),Cray XC40,Cray XC,Custom Interconnect,Aries interconnect ,Asia,50235,179418,6597.0
181,182,395,cascade,"Atipa Visione IF442 Blade Server, Xeon E5-2670 8C 2.600GHz, Infiniband FDR, Intel Xeon Phi 5110P",DOE/SC/Pacific Northwest National Laboratory,Atipa,United States,2013,Research,194616,171720.0,2539.13,3388.032,1384.0,Submitted,1.834632,,,,,,Cluster,Xeon E5-2670 8C 2.6GHz,Intel SandyBridge,2600,Linux,Linux,Intel Xeon Phi 5110P,8,Intel Xeon E5 (SandyBridge),Atipa Visione IF442 Blade Server,Atipa Cluster,Infiniband,Infiniband FDR,North America,48611,178250,7471.8
180,181,341,SuperMUC Phase 2,"NeXtScale nx360M5, Xeon E5-2697v3 14C 2.6GHz, Infiniband FDR14",Leibniz Rechenzentrum,Lenovo/IBM,Germany,2015,Academic,86016,,2813.62,3578.266,1480.83,Submitted,1.900029,,,,,,Cluster,Xeon E5-2697v3 14C 2.6GHz,Intel Haswell,2600,Linux,Linux,,14,Intel Xeon E5 (Haswell),IBM NeXtScale nx360M5,NeXtScale,Infiniband,Infiniband FDR14,Europe,48248,178544,7859.2
183,184,403,Excalibur,"Cray XC40, Xeon E5-2698v3 16C 2.3GHz, Aries interconnect ",Army Research Laboratory DoD Supercomputing Resource Center (ARL DSRC),HPE,United States,2014,Government,100064,,2485.0,3682.3552,1465.78,Submitted,1.695343,,,,,,MPP,Xeon E5-2698v3 16C 2.3GHz,Intel Haswell,2300,Cray Linux Environment ,Linux,,16,Intel Xeon E5 (Haswell),Cray XC40,Cray XC,Custom Interconnect,Aries interconnect ,North America,50423,178447,8085.6
174,175,221,,"Cray XC40, Xeon E5-2695v4 18C 2.1GHz, Aries interconnect ",ECMWF,HPE,United Kingdom,2016,Research,126468,,3944.68,4249.325,1897.02,Submitted,2.079409,,,,,,MPP,Xeon E5-2695v4 18C 2.1GHz,Intel Broadwell,2100,Cray Linux Environment ,Linux,,18,Intel Xeon E5 (Broadwell),Cray XC40,Cray XC,Custom Interconnect,Aries interconnect ,Europe,47752,178749,8137.2
175,176,220,,"Cray XC40, Xeon E5-2695v4 18C 2.1GHz, Aries interconnect ",ECMWF,HPE,United Kingdom,2016,Research,126468,,3944.68,4249.325,1897.02,Submitted,2.079409,,,,,,MPP,Xeon E5-2695v4 18C 2.1GHz,Intel Broadwell,2100,Cray Linux Environment ,Linux,,18,Intel Xeon E5 (Broadwell),Cray XC40,Cray XC,Custom Interconnect,Aries interconnect ,Europe,47752,178431,8137.2
176,177,344,,"Cray XC40, Xeon E5-2695v4 18C 2.1GHz, Aries interconnect ",United Kingdom Meteorological Office,HPE,United Kingdom,2016,Research,89856,,2801.782,3019.162,1347.84,Submitted,2.07872,,,,,,MPP,Xeon E5-2695v4 18C 2.1GHz,Intel Broadwell,2100,Cray Linux Environment ,Linux,,18,Intel Xeon E5 (Broadwell),Cray XC40,Cray XC,Custom Interconnect,Aries interconnect ,Europe,49064,178752,8139.8
177,178,343,,"Cray XC40, Xeon E5-2695v4 18C 2.1GHz, Aries interconnect ",United Kingdom Meteorological Office,HPE,United Kingdom,2016,Research,89856,,2801.782,3019.162,1347.84,Submitted,2.07872,,,,,,MPP,Xeon E5-2695v4 18C 2.1GHz,Intel Broadwell,2100,Cray Linux Environment ,Linux,,18,Intel Xeon E5 (Broadwell),Cray XC40,Cray XC,Custom Interconnect,Aries interconnect ,Europe,49064,178751,8139.8
178,179,476,Makman-2,"Dell PowerEdge R630, Xeon E5-2680v3 12C 2.5GHz, Infiniband QDR",Saudi Aramco,DELL EMC,Saudi Arabia,2015,Industry,76032,,2249.68,3041.28,1134.0,Submitted,1.983845,,,,,,Cluster,Xeon E5-2680v3 12C 2.5GHz,Intel Haswell,2500,Redhat Enterprise Linux 6.5,Linux,,12,Intel Xeon E5 (Haswell),Dell PowerEdge R630,Dell PowerEdge Cluster,Infiniband,Infiniband QDR,Asia,48751,178606,8375.7
179,180,161,Shaheen II,"Cray XC40, Xeon E5-2698v3 16C 2.3GHz, Aries interconnect ",King Abdullah University of Science and Technology,HPE,Saudi Arabia,2015,Academic,196608,,5536.99,7235.174,2834.0,Submitted,1.953772,,,,,,MPP,Xeon E5-2698v3 16C 2.3GHz,Intel Haswell,2300,Cray Linux Environment ,Linux,,16,Intel Xeon E5 (Haswell),Cray XC40,Cray XC,Custom Interconnect,Aries interconnect ,Asia,50205,178515,8504.6
184,185,155,Pleiades,"SGI ICE X, Intel Xeon E5-2670/E5-2680v2/E5-2680v3/E5-2680v4  2.6/2.8/2.5/2.4 GHz, Infiniband FDR",NASA/Ames Research Center/NAS,HPE,United States,2016,Research,241108,,5951.55,7107.1488,4407.0,Submitted,1.350477,,1.0,,,,Cluster,Intel Xeon E5-2680v2  10C 2.8GHz,Intel IvyBridge,2800,SUSE Linux Enterprise Server 11,Linux,,10,Intel Xeon E5 (IvyBridge),SGI ICE X,SGI ICE,Infiniband,Infiniband FDR,North America,48408,177259,10150.4
185,186,496,,"Sugon TC6000, Xeon Gold 5118 12C 2.3GHz, 10G Ethernet",Internet Company,Sugon,China,2019,Industry,121920,,2152.0,8973.312,1625.0,Submitted,1.324308,,,,,,Cluster,Xeon Gold 5118 12C 2.3GHz,Intel Skylake,2300,Linux,Linux,,12,Xeon Gold (Skylake),Sugon TC6000,Sugon Cluster,Gigabit Ethernet,10G Ethernet,Asia,50743,179678,14195.7
187,188,298,Thunder,"SGI ICE X, Xeon E5-2699v3/E5-2697 v3, Infiniband FDR, NVIDIA Tesla K40, Intel Xeon Phi 7120P",Air Force Research Laboratory,HPE,United States,2015,Government,152692,27056.0,3126.24,5610.481,4819.5,Submitted,0.648665,,,,,,Cluster,Xeon E5-2699v3 18C 2.3GHz,Intel Haswell,2300,SUSE Linux Enterprise Server 11,Linux,NVIDIA Tesla K40/Intel Xeon Phi 7120P,18,Intel Xeon E5 (Haswell),SGI ICE X,SGI ICE,Infiniband,Infiniband FDR,North America,49284,178524,21132.5
188,189,265,Topaz,"SGI ICE X, Xeon E5-2699v3 18C 2.3GHz, Infiniband FDR",ERDC DSRC,HPE,United States,2015,Research,124200,,3318.95,4570.56,5175.0,Submitted,0.641343,,,,,,Cluster,Xeon E5-2699v3 18C 2.3GHz,Intel Haswell,2300,SUSE Linux Enterprise Server 11,Linux,,18,Intel Xeon E5 (Haswell),SGI ICE X,SGI ICE,Infiniband,Infiniband FDR,North America,47771,178523,21373.8
189,190,285,,"Cray XC30, Intel Xeon E5-2697v2 12C 2.7GHz, Aries interconnect ",Government,HPE,United States,2014,Government,225984,,3143.52,4881.2544,6327.55,Submitted,0.496799,,,,,,MPP,Intel Xeon E5-2697v2 12C 2.7GHz,Intel IvyBridge,2700,Cray Linux Environment ,Linux,,12,Intel Xeon E5 (IvyBridge),Cray XC30,Cray XC,Custom Interconnect,Aries interconnect ,North America,50046,178432,27592.5
190,191,370,LLNL/NNSA CTS-1 Jade,"Tundra Extreme Scale, Xeon E5-2695v4 18C 2.1GHz, Intel Omni-Path",Lawrence Livermore National Laboratory,Penguin Computing,United States,2016,Research,95472,,2632.51,3207.8592,13620.0,Submitted,0.193283,,3.0,,,,Cluster,Xeon E5-2695v4 18C 2.1GHz,Intel Broadwell,2100,Linux/TOSS,Linux,,18,Intel Xeon E5 (Broadwell),Tundra Extreme Scale,Penguin Computing Cluster,Omnipath,Intel Omni-Path,North America,48247,178969,70921.5
191,192,371,LLNL CTS-1 Quartz,"Tundra Extreme Scale, Xeon E5-2695v4 18C 2.1GHz, Intel Omni-Path",Lawrence Livermore National Laboratory,Penguin Computing,United States,2016,Research,95472,,2632.51,3207.8592,13620.0,Submitted,0.193283,,3.0,,,,Cluster,Xeon E5-2695v4 18C 2.1GHz,Intel Broadwell,2100,Linux/TOSS,Linux,,18,Intel Xeon E5 (Broadwell),Tundra Extreme Scale,Penguin Computing Cluster,Omnipath,Intel Omni-Path,North America,48247,178971,70921.5
192,193,61,AOBA-S,"SX-Aurora TSUBASA C401-8, Vector Engine Type 30A 16C 1.6GHz, Infiniband NDR200","Cyberscience Center, Tohoku University",NEC,Japan,2023,Academic,64512,,17221.0,19818.09,1388.81,Optimized,0.0124,Optimized,2.0,17.221,1388.81,,Cluster,Vector Engine Type 30A 16C 1.6GHz,NEC Vector Engine,1600,VEOS,Linux,,16,Vector Engine,SX-Aurora TSUBASA C401-8,SX-Aurora TSUBASA,Infiniband,Infiniband NDR200,Asia,50990,180217,821472.2
193,194,136,,"SX-Aurora TSUBASA C401-8, Vector Engine Type 30A 16C 1.6GHz, Infiniband NDR200",Deutscher Wetterdienst,NEC,Germany,2023,Research,28352,,6726.9,8584.7,941.56,Optimized,0.007144,Optimized,1.0,6.7269,941.56,,Cluster,Vector Engine Type10AE 8C 1.58GHz,NEC Vector Engine,1584,VEOS,Linux,,8,Vector Engine,SX-Aurora TSUBASA A412-8,SX-Aurora TSUBASA,Infiniband,InfiniBand HDR100,Europe,47712,180209,2090231.7
